Date,GoldClose,PalladiumClose,PlatinumClose,SilverClose
3/22/2023,1949.6,1445.7,988.1,22.786
3/21/2023,1941.1,1383.1,981.4,22.425
3/20/2023,1999.7,1400.6,997.4,22.646
3/17/2023,1990.2,1386.1,980.9,22.462
3/16/2023,1923,1409.3,977.1,21.692
3/15/2023,1931.3,1444.8,970.3,21.882
3/14/2023,1910.9,1517.7,997.3,22.04
3/13/2023,1916.5,1476.7,1004.9,21.923
3/10/2023,1867.2,1362.3,962.2,20.506
3/9/2023,1834.6,1374.7,949.3,20.165
3/8/2023,1818.6,1362.1,940.6,20.151
3/7/2023,1820,1370.6,936.3,20.199
3/6/2023,1852.4,1424.5,978.6,21.135
3/3/2023,1854.6,1449,979.4,21.238
3/2/2023,1840.5,1444.9,963.2,20.901
3/1/2023,1845.4,1437.6,961.8,21.095
2/28/2023,1836.7,1420.9,955.5,21.071
2/27/2023,1824.9,1427.9,941.9,20.793
2/24/2023,1817.1,1378.4,907.9,20.936
2/23/2023,1826.8,1430.7,945.5,21.438
2/22/2023,1841.5,1488.5,953.3,21.816
2/21/2023,1842.5,1520.7,948.6,22.027
2/17/2023,1850.2,1492.5,921.4,21.715
2/16/2023,1851.8,1525.7,931,21.71
2/15/2023,1845.3,1444.5,917.8,21.572
2/14/2023,1865.4,1466.2,939.2,21.873
2/13/2023,1863.5,1536.5,959.4,21.852
2/10/2023,1874.5,1524.9,951.8,22.075
2/9/2023,1878.5,1616.7,964.2,22.143
2/8/2023,1890.7,1635.9,987.2,22.42
2/7/2023,1884.8,1641.5,986.2,22.177
2/6/2023,1879.5,1579.4,974.6,22.237
2/3/2023,1876.6,1618.4,980.3,22.405
2/2/2023,1930.8,1642.6,1032.6,23.615
2/1/2023,1942.8,1632.6,1001.7,23.609
1/31/2023,1945.3,1648.3,1021.1,23.836
1/30/2023,1939.2,1628,1020.6,23.733
1/27/2023,1945.6,1599.7,1016.8,23.622
1/26/2023,1946.7,1663.8,1023,24.02
1/25/2023,1959.4,1687.9,1046.1,23.941
1/24/2023,1952.2,1735.5,1066.8,23.749
1/23/2023,1945.4,1701.4,1056.3,23.554
1/20/2023,1928.2,1723.2,1047.8,23.935
1/19/2023,1923.9,1768.5,1041.1,23.87
1/18/2023,1907,1706,1043.7,23.647
1/17/2023,1909.9,1734,1046.9,24.068
1/13/2023,1921.7,1787.3,1072.5,24.372
1/12/2023,1898.8,1790.9,1078.9,24.004
1/11/2023,1878.9,1781.1,1084.3,23.481
1/10/2023,1876.5,1777.3,1088.5,23.665
1/9/2023,1877.8,1775.4,1098.6,23.871
1/6/2023,1869.7,1806.7,1104.3,23.982
1/5/2023,1840.6,1732.7,1069.6,23.424
1/4/2023,1859,1796.7,1092.3,23.964
1/3/2023,1846.1,1692.9,1093.3,24.236
12/30/2022,1826.2,1798,1082.9,24.04
12/29/2022,1826,1816.4,1065,24.25
12/28/2022,1815.8,1785,1020.2,23.84
12/27/2022,1823.1,1826.3,1032.7,24.217
12/23/2022,1804.2,1732,1032.6,23.92
12/22/2022,1795.3,1672.4,990.5,23.622
12/21/2022,1823.9,1666.8,1010.3,24.194
12/20/2022,1825.4,1733.5,1020.9,24.271
12/19/2022,1797.7,1664.9,987.7,23.199
12/16/2022,1800.2,1706.6,1000,23.328
12/15/2022,1787.8,1813.6,1013.2,23.305
12/14/2022,1818.7,1922.1,1038.7,24.136
12/13/2022,1825.5,1936.7,1038.9,23.99
12/12/2022,1792.3,1884.1,1008,23.403
12/9/2022,1810.7,1968.8,1036.2,23.717
12/8/2022,1801.5,1930.8,1014.6,23.246
12/7/2022,1798,1854.3,1011.5,22.922
12/6/2022,1782.4,1851.5,995.4,22.335
12/5/2022,1781.3,1861.3,1007.5,22.417
12/2/2022,1809.6,1901.1,1026.6,23.25
12/1/2022,1815.2,1946.3,1054.9,22.841
11/30/2022,1759.9,1866,1039.3,21.781
11/29/2022,1763.7,1833.9,1008.6,21.436
11/28/2022,1755.3,1846.8,999.3,21.125
11/25/2022,1768.8,1830.8,987.8,21.609
11/23/2022,1760.4,1888,996.8,21.526
11/22/2022,1754.8,1867.7,995.7,21.229
11/21/2022,1754.6,1865.7,987.9,21.062
11/18/2022,1769,1951.7,984.3,21.196
11/17/2022,1763,2010,991.5,21.164
11/16/2022,1775.8,2081.3,1016.2,21.524
11/15/2022,1774.7,2078.3,1022.4,21.518
11/14/2022,1774.2,2039.5,1033,22.113
11/11/2022,1774.2,2026.5,1038.1,21.667
11/10/2022,1753.7,1954.2,1055,21.702
11/9/2022,1715.8,1859.2,997.3,21.327
11/8/2022,1716,1932.6,1014.5,21.502
11/7/2022,1680.5,1897.5,989.4,20.919
11/4/2022,1685.7,1839.5,960.5,20.784
11/3/2022,1637.7,1798.1,924.1,19.43
11/2/2022,1651,1850.1,950.9,19.594
11/1/2022,1636.4,1877,950.5,19.667
10/31/2022,1648.3,1831.7,930.1,19.119
10/28/2022,1648.3,1897.2,949.1,19.147
10/27/2022,1668.8,1938.2,967.4,19.494
10/26/2022,1669.2,1960.5,962.5,19.486
10/25/2022,1658,1918.8,919.7,19.349
10/24/2022,1654.1,1967.8,926.6,19.189
10/21/2022,1656.3,2005.5,933.9,19.066
10/20/2022,1636.8,2079.6,915.1,18.689
10/19/2022,1634.2,1995.5,881.1,18.359
10/18/2022,1655.5,2013.9,907.3,18.6
10/17/2022,1664,1999.9,913.6,18.719
10/14/2022,1672.9,1997.3,894.9,18.071
10/13/2022,1672.9,2117.2,896.4,18.918
10/12/2022,1677.5,2136.4,881,18.938
10/11/2022,1686,2150.4,899.1,19.487
10/10/2022,1675.2,2167.9,895.8,19.615
10/7/2022,1709.3,2191.3,917.9,20.255
10/6/2022,1720.9,2275.5,921.8,20.66
10/5/2022,1720.8,2255.9,914.6,20.544
10/4/2022,1730.5,2330.2,933.7,21.099
10/3/2022,1702,2232.2,900.1,20.589
9/30/2022,1672,2182.2,859.1,19.039
9/29/2022,1668.6,2211.1,860.2,18.712
9/28/2022,1670,2169.1,860.8,18.88
9/27/2022,1636.2,2090.4,839.7,18.337
9/26/2022,1633.4,2049,844.9,18.48
9/23/2022,1655.6,2070.5,856.5,18.91
9/22/2022,1681.1,2175,899,19.617
9/21/2022,1675.7,2123.5,911.7,19.48
9/20/2022,1671.1,2170.5,914.5,19.183
9/19/2022,1678.2,2220.7,912.6,19.358
9/16/2022,1683.5,2112.7,901,19.381
9/15/2022,1677.3,2146.1,903.7,19.269
9/14/2022,1709.1,2172.7,905.4,19.569
9/13/2022,1717.4,2111.1,883.7,19.491
9/12/2022,1740.6,2274.6,904.2,19.86
9/9/2022,1728.6,2177.6,876.9,18.767
9/8/2022,1720.2,2147,866.4,18.442
9/7/2022,1727.8,2022.8,847.2,18.26
9/6/2022,1712.9,1973.2,833.9,17.908
9/2/2022,1722.6,2026.1,818.3,17.881
9/1/2022,1709.3,1996.3,805.5,17.666
8/31/2022,1726.2,2078.9,827,17.882
8/30/2022,1736.3,2087.8,832.1,18.287
8/29/2022,1749.7,2130.3,854.3,18.67
8/26/2022,1749.8,2132.7,855.3,18.825
8/25/2022,1771.4,2155.5,873.9,19.161
8/24/2022,1761.5,2042.6,866.8,18.974
8/23/2022,1761.2,1989.3,876.4,19.121
8/22/2022,1748.4,1998,868,18.98
8/19/2022,1762.9,2145.7,888,19.176
8/18/2022,1771.2,2164.2,904.9,19.569
8/17/2022,1776.7,2136.7,919.3,19.845
8/16/2022,1789.7,2149,931.3,20.204
8/15/2022,1798.1,2158.3,933.6,20.412
8/12/2022,1815.5,2219.4,963.4,20.698
8/11/2022,1807.2,2288.4,959.4,20.349
8/10/2022,1813.7,2245.9,946.1,20.742
8/9/2022,1812.3,2218.8,933,20.482
8/8/2022,1805.2,2241.5,938.4,20.614
8/5/2022,1791.2,2128.7,924.7,19.842
8/4/2022,1806.9,2077.5,924.9,20.122
8/3/2022,1776.4,2007.9,888.5,19.894
8/2/2022,1789.7,2090.2,905,20.139
8/1/2022,1787.7,2199.4,901.6,20.362
7/29/2022,1781.8,2129.7,889.8,20.197
7/28/2022,1769.2,2080.2,876.8,19.868
7/27/2022,1737.5,2004.4,877.2,18.6
7/26/2022,1735.7,2011.2,864.4,18.535
7/25/2022,1737.1,2003,869.3,18.328
7/22/2022,1745.3,2018.8,867.2,18.617
7/21/2022,1731.3,1876.7,858.7,18.719
7/20/2022,1717.7,1861.6,846.5,18.668
7/19/2022,1728.1,1854.2,858.9,18.713
7/18/2022,1710.2,1849.1,856,18.84
7/15/2022,1703.6,1829.4,830.9,18.594
7/14/2022,1705.8,1898.1,817.3,18.225
7/13/2022,1735.5,1971.4,837.8,19.194
7/12/2022,1724.8,2015.6,828.1,18.958
7/11/2022,1731.7,2171.6,860.7,19.132
7/8/2022,1742.3,2156.6,882.8,19.236
7/7/2022,1739.7,1993.4,865.8,19.188
7/6/2022,1736.5,1896.3,840.9,19.159
7/5/2022,1763.9,1918.8,850.7,19.121
7/1/2022,1801.5,1938.1,871.3,19.667
6/30/2022,1807.3,1916.1,895.3,20.352
6/29/2022,1817.5,1946.6,909.9,20.738
6/28/2022,1821.2,1861.9,905.6,20.872
6/27/2022,1824.8,1858.9,900.3,21.187
6/24/2022,1830.3,1854.3,903.3,21.159
6/23/2022,1829.8,1824.1,903.7,21.091
6/22/2022,1838.4,1837.9,926.1,21.497
6/21/2022,1838.8,1862.7,939.4,21.851
6/17/2022,1840.6,1798.7,930.8,21.681
6/16/2022,1849.9,1866.5,951.3,21.975
6/15/2022,1819.6,1834.3,925.5,21.502
6/14/2022,1813.5,1780.2,913.2,20.954
6/13/2022,1831.8,1778.4,935.4,21.255
6/10/2022,1875.5,1907,971,21.931
6/9/2022,1852.8,1915.6,975.9,21.817
6/8/2022,1856.5,1937.8,1011.6,22.094
6/7/2022,1852.1,1965.4,1012.9,22.178
6/6/2022,1843.7,1996.1,1030,22.092
6/3/2022,1850.2,1985.9,1016.4,21.908
6/2/2022,1871.4,2047.5,1028.4,22.275
6/1/2022,1848.7,2001.9,996.4,21.915
5/31/2022,1848.4,2006.3,968.3,21.688
5/27/2022,1857.3,2054.8,943,22.096
5/26/2022,1853.9,1996.7,937.4,21.965
5/25/2022,1852.5,1989.4,929.3,21.87
5/24/2022,1871.4,1989.5,942.9,22.063
5/23/2022,1853.9,1966.7,950.3,21.723
5/20/2022,1848.4,1940.9,941.1,21.674
5/19/2022,1847.8,1981.8,953.7,21.908
5/18/2022,1822.4,1999,924.4,21.544
5/17/2022,1818.9,2032.2,943.4,21.75
5/16/2022,1814,2002.6,925.3,21.551
5/13/2022,1808.2,1917.7,930.7,21.001
5/12/2022,1824.6,1860.6,931.4,20.773
5/11/2022,1853.7,2007.9,989.8,21.575
5/10/2022,1841,2043.7,947.2,21.424
5/9/2022,1858.6,2061.5,938.5,21.82
5/6/2022,1882.8,2023.2,956,22.367
5/5/2022,1875.7,2177.4,973.4,22.443
5/4/2022,1868.8,2236,979.6,22.402
5/3/2022,1870.6,2238.3,958.6,22.665
5/2/2022,1863.6,2216,932.8,22.584
4/29/2022,1911.7,2307,939.6,23.085
4/28/2022,1891.3,2210.1,911.1,23.181
4/27/2022,1888.7,2195.1,910.4,23.505
4/26/2022,1904.1,2178.5,912.1,23.59
4/25/2022,1896,2122.1,905,23.73
4/22/2022,1934.3,2376.3,927.4,24.318
4/21/2022,1948.2,2420.2,967.8,24.702
4/20/2022,1955.6,2462.1,987,25.355
4/19/2022,1959,2380.4,988.7,25.478
4/18/2022,1986.4,2445.1,1020.5,26.236
4/14/2022,1974.9,2355.4,994.2,25.7
4/13/2022,1984.7,2339.5,989.6,26.03
4/12/2022,1976.1,2354.3,972.4,25.735
4/11/2022,1948.2,2416.8,977.8,24.987
4/8/2022,1945.6,2420.1,975.6,24.823
4/7/2022,1937.8,2223.1,958,24.735
4/6/2022,1923.1,2184.7,953.1,24.458
4/5/2022,1927.5,2235.3,973.1,24.534
4/4/2022,1934,2275,991,24.59
4/1/2022,1923.7,2267.5,988.6,24.654
3/31/2022,1954,2255.6,995.8,25.133
3/30/2022,1939,2243.1,1001.2,25.113
3/29/2022,1918,2112.7,978.8,24.736
3/28/2022,1944.7,2242.4,993.8,25.196
3/25/2022,1959.8,2394.3,1010.7,25.615
3/24/2022,1967.7,2530.6,1033.7,25.92
3/23/2022,1942.6,2519.3,1023.3,25.189
3/22/2022,1926.7,2476.5,1026.6,24.904
3/21/2022,1934.8,2537.3,1045.3,25.313
3/18/2022,1933.9,2493,1035.9,25.087
3/17/2022,1948.2,2492,1031.3,25.616
3/16/2022,1909.2,2367.3,1008.1,24.71
3/15/2022,1929.7,2412,1002.5,25.158
3/14/2022,1960.8,2417.6,1052.3,25.298
3/11/2022,1985,2796.8,1088.6,26.16
3/10/2022,2000.4,2920.5,1095.2,26.256
3/9/2022,1988.2,2949.8,1107.6,25.816
3/8/2022,2043.3,2968.5,1153.2,26.895
3/7/2022,1995.9,2901.9,1116.6,25.72
3/4/2022,1966.6,2981.9,1116.8,25.789
3/3/2022,1935.9,2730.8,1080.8,25.212
3/2/2022,1922.3,2664.9,1068,25.19
3/1/2022,1943.8,2537.8,1051.9,25.541
2/28/2022,1900.7,2504.6,1038.7,24.366
2/25/2022,1887.6,2365.7,1050.1,24.017
2/24/2022,1926.3,2501.9,1062.1,24.71
2/23/2022,1910.4,2442.4,1091.7,24.598
2/22/2022,1907.4,2373.7,1086,24.356
2/18/2022,1899.8,2338.6,1076.8,24.038
2/17/2022,1902,2360,1092.7,23.922
2/16/2022,1871.5,2274,1063.7,23.654
2/15/2022,1856.2,2254.5,1020.4,23.39
2/14/2022,1869.4,2346,1028,23.897
2/11/2022,1842.1,2193.6,1018.7,23.369
2/10/2022,1837.4,2265.3,1042.5,23.522
2/9/2022,1836.6,2285.1,1037.4,23.341
2/8/2022,1827.9,2264.2,1036.3,23.2
2/7/2022,1821.8,2260.1,1020,23.076
2/4/2022,1807.8,2290.7,1024.2,22.475
2/3/2022,1804.1,2317.7,1030.3,22.375
2/2/2022,1810.3,2369.5,1043.7,22.707
2/1/2022,1801.5,2346.5,1023.2,22.595
1/31/2022,1796.4,2355.8,1020.8,22.393
1/28/2022,1786.6,2375.3,1006.6,22.301
1/27/2022,1795,2366.5,1021.8,22.676
1/26/2022,1832,2350.6,1045.9,23.807
1/25/2022,1855,2188.9,1025.5,23.896
1/24/2022,1844.2,2141,1020.3,23.8
1/21/2022,1834.1,2104.3,1035.1,24.32
1/20/2022,1844.9,2073.7,1050.8,24.716
1/19/2022,1845.5,2008.4,1028.4,24.231
1/18/2022,1812.4,1904.6,979.5,23.492
1/14/2022,1816.5,1878.2,964.6,22.918
1/13/2022,1821.4,1890,972.2,23.162
1/12/2022,1827.3,1915.8,980.1,23.207
1/11/2022,1818.5,1922.1,973.2,22.812
1/10/2022,1798.8,1909.2,933.6,22.462
1/7/2022,1797.4,1921.6,956.5,22.409
1/6/2022,1789.2,1873.9,960.7,22.19
1/5/2022,1825.1,1902.6,1001.9,23.17
1/4/2022,1814.6,1859.7,971.2,23.056
1/3/2022,1800.1,1826,954,22.81
12/31/2021,1828.6,1912.1,966.2,23.352
12/30/2021,1814.1,1983.2,964.6,23.06
12/29/2021,1805.8,1987,970,22.858
12/28/2021,1810.9,2000.6,979.8,23.121
12/27/2021,1808.8,1946.5,971,22.989
12/23/2021,1811.7,1956.9,972.2,22.94
12/22/2021,1802.2,1889.3,963.7,22.819
12/21/2021,1788.7,1793.1,924.4,22.529
12/20/2021,1794.6,1745.9,922.6,22.291
12/17/2021,1804.9,1784.8,934.5,22.533
12/16/2021,1798.2,1722.8,928.9,22.485
12/15/2021,1764.5,1551.6,894.2,21.545
12/14/2021,1772.3,1622.7,910.9,21.924
12/13/2021,1788.3,1674.7,924.6,22.328
12/10/2021,1784.8,1749.8,934.2,22.195
12/9/2021,1776.7,1813.2,937.7,22.013
12/8/2021,1785.5,1852.4,955.9,22.432
12/7/2021,1784.7,1847,950,22.523
12/6/2021,1779.5,1845.6,936.4,22.263
12/3/2021,1783.9,1812.6,926.2,22.481
12/2/2021,1762.7,1771.4,933.1,22.316
12/1/2021,1784.3,1753.5,935.2,22.339
11/30/2021,1776.5,1705.5,927.3,22.815
11/29/2021,1785.2,1789.2,964.5,22.852
11/26/2021,1788.1,1781.2,954.3,23.135
11/24/2021,1786.9,1847.9,975.3,23.536
11/23/2021,1786.3,1852.1,964.2,23.492
11/22/2021,1809.1,1953,1015.1,24.362
11/19/2021,1854.3,2073.2,1036,24.844
11/18/2021,1864,2137.4,1056.4,24.96
11/17/2021,1872.8,2184.5,1069.1,25.223
11/16/2021,1854.1,2167.6,1074.5,24.999
11/15/2021,1866.6,2156.1,1096.9,25.105
11/12/2021,1868.5,2117.7,1089.2,25.346
11/11/2021,1863.9,2062.6,1094.5,25.301
11/10/2021,1848.3,2038.9,1077,24.772
11/9/2021,1830.8,2022.1,1061.4,24.318
11/8/2021,1828,2077.7,1060,24.542
11/5/2021,1816.8,2027.6,1035.8,24.157
11/4/2021,1793.5,1996.4,1029.3,23.911
11/3/2021,1763.9,1987.2,1022.5,23.231
11/2/2021,1789.4,2007.4,1039.3,23.507
11/1/2021,1795.8,2052.3,1067.3,24.073
10/29/2021,1783.9,1980.3,1020.7,23.949
10/28/2021,1802.6,1989.4,1023.9,24.12
10/27/2021,1798.8,1974.3,1019.3,24.191
10/26/2021,1793.4,2004.8,1032.9,24.088
10/25/2021,1806.8,2048.2,1063.8,24.592
10/22/2021,1796.3,2035.6,1052.1,24.449
10/21/2021,1781.9,2018.1,1049.7,24.17
10/20/2021,1784.9,2082.4,1052.3,24.445
10/19/2021,1770.5,2100.9,1047.1,23.883
10/18/2021,1765.7,2013.1,1037.9,23.264
10/15/2021,1768.3,2076.6,1058.9,23.349
10/14/2021,1797.9,2150.9,1052.3,23.477
10/13/2021,1794.7,2106.1,1024.2,23.17
10/12/2021,1759.3,2047.8,1011.7,22.514
10/11/2021,1755.7,2119.5,1006.9,22.665
10/8/2021,1757.4,2073,1028.2,22.705
10/7/2021,1759.2,1955,985.3,22.658
10/6/2021,1761.8,1867.8,977.2,22.532
10/5/2021,1760.9,1899.4,959.8,22.608
10/4/2021,1767.6,1875,961.6,22.644
10/1/2021,1758.4,1903.7,973.6,22.536
9/30/2021,1757,1899.8,962.4,22.047
9/29/2021,1722.9,1830.3,947,21.485
9/28/2021,1737.5,1854.2,961.9,22.467
9/27/2021,1752,1947.7,977.8,22.694
9/24/2021,1751.7,1951.1,976.3,22.425
9/23/2021,1749.8,1971.8,995.4,22.679
9/22/2021,1778.8,2036.2,999.8,22.907
9/21/2021,1778.2,1894.5,950.8,22.611
9/20/2021,1763.8,1865.2,899.2,22.204
9/17/2021,1751.4,1983.8,930.6,22.337
9/16/2021,1756.7,2021.5,923.3,22.794
9/15/2021,1794.8,1991.6,930.5,23.801
9/14/2021,1807.1,1975.6,938.7,23.885
9/13/2021,1794.4,2079.8,957.5,23.796
9/10/2021,1792.1,2126.3,956.5,23.9
9/9/2021,1800,2142.8,974.5,24.177
9/8/2021,1793.5,2237.3,976.1,24.056
9/7/2021,1798.5,2353.5,995.9,24.373
9/3/2021,1833.7,2416.3,1021.6,24.802
9/2/2021,1811.5,2400.4,994.2,23.918
9/1/2021,1816,2441.5,999.6,24.221
8/31/2021,1818.1,2471,1014.1,23.925
8/30/2021,1812.2,2479.1,1002.1,24.006
8/27/2021,1819.5,2408.1,1006.5,24.11
8/26/2021,1795.2,2392.4,975.5,23.596
8/25/2021,1791,2436.7,993.5,23.822
8/24/2021,1808.5,2446.4,1010.1,23.937
8/23/2021,1806.3,2391.1,1014.1,23.703
8/20/2021,1784,2276.5,994.2,23.16
8/19/2021,1783.1,2297.9,971.2,23.279
8/18/2021,1784.4,2423.3,996.4,23.47
8/17/2021,1787.8,2495.6,993.8,23.707
8/16/2021,1789.8,2598,1021.1,23.791
8/13/2021,1778.2,2656.5,1026,23.779
8/12/2021,1751.8,2623.9,1017.7,23.116
8/11/2021,1753.3,2632.8,1015.6,23.488
8/10/2021,1731.7,2650,987,23.392
8/9/2021,1726.5,2602.1,970.9,23.269
8/6/2021,1763.1,2630.1,972.2,24.326
8/5/2021,1808.9,2655.1,1005.7,25.292
8/4/2021,1814.5,2651.7,1021.3,25.461
8/3/2021,1814.1,2645.3,1046.9,25.582
8/2/2021,1822.2,2684.1,1056.3,25.575
7/30/2021,1817.2,2656.2,1048.4,25.547
7/29/2021,1835.8,2643.1,1067.6,25.782
7/28/2021,1804.6,2622.6,1058.1,24.877
7/27/2021,1804,2606.7,1049.5,24.649
7/26/2021,1803.4,2678.1,1070,25.318
7/23/2021,1805.9,2662.4,1061.4,25.233
7/22/2021,1809.2,2704.6,1090.6,25.381
7/21/2021,1807.4,2654.9,1075.3,25.255
7/20/2021,1811.4,2640.4,1065.2,24.995
7/19/2021,1809.2,2592.7,1071.4,25.144
7/16/2021,1815,2637.3,1108.5,25.795
7/15/2021,1829,2729.3,1137.7,26.394
7/14/2021,1825,2826.3,1128.1,26.271
7/13/2021,1809.9,2832.5,1111.2,26.14
7/12/2021,1805.9,2859.3,1123,26.239
7/9/2021,1810.6,2812,1095.7,26.234
7/8/2021,1800.2,2810.2,1074.5,25.987
7/7/2021,1802.1,2848.3,1081.9,26.129
7/6/2021,1794.2,2796.1,1084,26.174
7/2/2021,1783.3,2792.5,1087.7,26.501
7/1/2021,1776.8,2768.9,1080.9,26.1
6/30/2021,1771.6,2779.2,1072.9,26.194
6/29/2021,1763.6,2681.2,1070.6,25.901
6/28/2021,1780.7,2699.4,1099.5,26.254
6/25/2021,1777.8,2637.2,1105.7,26.126
6/24/2021,1776.7,2643.9,1096.1,26.089
6/23/2021,1783.4,2630.5,1089.5,26.152
6/22/2021,1777.4,2558.9,1072.9,25.898
6/21/2021,1782.9,2558.3,1050.6,26.065
6/18/2021,1769,2469.9,1041,25.969
6/17/2021,1774.8,2512.2,1055.2,25.856
6/16/2021,1861.4,2836.8,1141.9,27.812
6/15/2021,1856.4,2764.8,1148.6,27.693
6/14/2021,1865.9,2756.6,1165.3,28.039
6/11/2021,1879.6,2780.8,1151.1,28.146
6/10/2021,1896.4,2777.7,1146,28.031
6/9/2021,1895.5,2772.8,1151.8,28.002
6/8/2021,1894.4,2807,1162.5,27.731
6/7/2021,1898.8,2837.7,1174.8,28.018
6/4/2021,1892,2842.2,1164.4,27.896
6/3/2021,1873.3,2826.6,1162.5,27.477
6/2/2021,1909.9,2868.6,1192.7,28.204
6/1/2021,1905,2863.2,1199.7,28.102
5/28/2021,1905.3,2830.1,1182.4,28.014
5/27/2021,1898.5,2810.5,1179.1,27.94
5/26/2021,1903.8,2752.7,1200.2,27.877
5/25/2021,1900.5,2785.9,1196.9,28.056
5/24/2021,1886.7,2739.2,1177.6,27.905
5/21/2021,1878.9,2784.7,1169.4,27.486
5/20/2021,1883.9,2879.4,1205,28.067
5/19/2021,1881.5,2884.8,1201.6,28.025
5/18/2021,1868,2903.1,1225.3,28.333
5/17/2021,1867.6,2895.9,1244.5,28.274
5/14/2021,1838.1,2894.6,1222.8,27.365
5/13/2021,1824,2864.6,1206.5,27.059
5/12/2021,1822.8,2849,1225.9,27.244
5/11/2021,1836.1,2926.2,1241.2,27.667
5/10/2021,1837.6,2968.2,1265.5,27.492
5/7/2021,1831.3,2925.1,1254.5,27.565
5/6/2021,1815.7,2947.4,1257.6,27.477
5/5/2021,1784.3,2972.8,1228.8,26.522
5/4/2021,1776,2977.6,1231.8,26.558
5/3/2021,1791.8,2981.4,1230.1,26.96
4/30/2021,1767.7,2953.7,1205.2,25.873
4/29/2021,1768.3,2948.6,1197.6,26.085
4/28/2021,1773.9,2930.2,1212.2,26.118
4/27/2021,1778.8,2952.6,1249.5,26.45
4/26/2021,1780.1,2909.3,1245.2,26.247
4/23/2021,1777.8,2857,1233.1,26.114
4/22/2021,1782,2842.9,1208.5,26.219
4/21/2021,1793.1,2875.6,1214.7,26.606
4/20/2021,1778.4,2757.4,1196.3,25.84
4/19/2021,1770.6,2813.6,1206.5,25.837
4/16/2021,1780.2,2774.7,1208.7,26.105
4/15/2021,1766.8,2739.4,1200.2,25.964
4/14/2021,1736.3,2679.4,1177.4,25.524
4/13/2021,1747.6,2696.9,1157.1,25.426
4/12/2021,1732.7,2671.9,1174.8,24.867
4/9/2021,1744.8,2636,1209.3,25.325
4/8/2021,1758.2,2628.3,1235.4,25.585
4/7/2021,1741.6,2621.1,1231.9,25.247
4/6/2021,1743,2690.2,1240.5,25.227
4/5/2021,1728.8,2654.7,1209.8,24.78
4/1/2021,1728.4,2655.8,1208.6,24.948
3/31/2021,1715.6,2619.9,1191.5,24.532
3/30/2021,1686,2569,1160.6,24.137
3/29/2021,1714.6,2530.7,1184.1,24.771
3/26/2021,1734.7,2676.1,1181.7,25.114
3/25/2021,1727.3,2615.4,1158.5,25.047
3/24/2021,1735.5,2640.1,1184.8,25.231
3/23/2021,1727.5,2617.3,1178.8,25.227
3/22/2021,1740.4,2600.2,1184,25.769
3/19/2021,1743.9,2630.9,1200.1,26.321
3/18/2021,1734.6,2662.8,1217.5,26.351
3/17/2021,1727.1,2538.3,1199.3,26.058
3/16/2021,1730.9,2491.9,1219.1,26.003
3/15/2021,1729.2,2373.7,1209.5,26.288
3/12/2021,1719.8,2360.7,1200.3,25.911
3/11/2021,1722.6,2341.6,1202.3,26.193
3/10/2021,1721.8,2293.2,1201.8,26.13
3/9/2021,1716.9,2292.2,1175.4,26.183
3/8/2021,1678,2314.2,1152.3,25.269
3/5/2021,1698.5,2329.1,1128.3,25.287
3/4/2021,1700.7,2342.8,1135.3,25.461
3/3/2021,1715.8,2354.4,1181.8,26.387
3/2/2021,1733.6,2368.6,1214.4,26.879
3/1/2021,1723,2349,1191.3,26.678
2/26/2021,1728.8,2313.5,1185.3,26.44
2/25/2021,1775.4,2414.8,1231.5,27.685
2/24/2021,1797.9,2431.5,1257.9,27.928
2/23/2021,1805.9,2344.7,1239.7,27.742
2/22/2021,1808.4,2402.9,1282.3,28.131
2/19/2021,1777.4,2379.8,1293.1,27.293
2/18/2021,1775,2358.8,1274.7,27.118
2/17/2021,1772.8,2369.7,1257.7,27.315
2/16/2021,1799,2388.2,1279.6,27.325
2/12/2021,1823.2,2382.6,1259,27.328
2/11/2021,1826.8,2347,1247,27.047
2/10/2021,1842.7,2352.5,1246.9,27.078
2/9/2021,1837.5,2320.6,1194.4,27.402
2/8/2021,1834.2,2336.7,1175.2,27.576
2/5/2021,1813,2326.3,1133,27.019
2/4/2021,1791.2,2280.7,1103,26.234
2/3/2021,1835.1,2276.6,1114.5,26.889
2/2/2021,1833.4,2227.7,1096,26.402
2/1/2021,1863.9,2241.7,1138.8,29.418
1/29/2021,1850.3,2208.4,1079.2,26.914
1/28/2021,1841.2,2322.3,1072.4,25.922
1/27/2021,1848.9,2310.5,1079,25.389
1/26/2021,1854.8,2325,1107.4,25.538
1/25/2021,1859,2346.9,1104.7,25.484
1/22/2021,1859.9,2365.2,1111.6,25.556
1/21/2021,1869.3,2375.1,1128,25.854
1/20/2021,1870.2,2403.2,1116.4,25.766
1/19/2021,1840.2,2365,1092,25.32
1/15/2021,1829.9,2395.1,1078.7,24.866
1/14/2021,1851.4,2423.3,1126.4,25.802
1/13/2021,1854.9,2397.1,1110.7,25.572
1/12/2021,1844.2,2376.2,1067.8,25.435
1/11/2021,1850.8,2378.8,1044.6,24.985
1/8/2021,1835.4,2365,1071.3,24.637
1/7/2021,1913.6,2431.6,1124.6,27.261
1/6/2021,1908.6,2448.1,1110.2,27.042
1/5/2021,1954.4,2493.4,1119.6,27.64
1/4/2021,1946.6,2391.2,1071.5,27.364
12/31/2020,1895.1,2453.8,1079.2,26.412
12/30/2020,1893.4,2378.4,1078.5,26.573
12/29/2020,1882.9,2344.3,1062.6,26.217
12/28/2020,1880.4,2351.8,1049.1,26.539
12/24/2020,1883.2,2345.9,1035,25.908
12/23/2020,1878.1,2339.1,1023.9,25.921
12/22/2020,1870.3,2323.1,1015.8,25.535
12/21/2020,1882.8,2316.4,1021.7,26.379
12/18/2020,1888.9,2372,1043.1,26.033
12/17/2020,1890.4,2347.5,1050.1,26.181
12/16/2020,1859.1,2348.2,1035.4,25.052
12/15/2020,1855.3,2324,1039.3,24.644
12/14/2020,1832.1,2318.9,1015.6,24.047
12/11/2020,1843.6,2333.1,1021.8,24.092
12/10/2020,1837.4,2335.5,1027.7,24.094
12/9/2020,1838.5,2290.6,1018.5,23.99
12/8/2020,1874.9,2327.9,1037,24.736
12/7/2020,1866,2351.3,1049.4,24.794
12/4/2020,1840,2357.8,1072.8,24.253
12/3/2020,1841.1,2317.9,1038.6,24.137
12/2/2020,1830.2,2408.2,1012.1,24.08
12/1/2020,1818.9,2429.7,1003.9,24.09
11/30/2020,1780.9,2405.9,965.9,22.593
11/27/2020,1788.1,2439.7,964.8,22.639
11/25/2020,1811.2,2364.7,969.8,23.446
11/24/2020,1810.9,2371.8,958.3,23.41
11/23/2020,1844.1,2372.2,931.7,23.757
11/20/2020,1872.4,2340.9,957.2,24.491
11/19/2020,1861.5,2336.5,951.5,24.164
11/18/2020,1873.9,2354,950.9,24.558
11/17/2020,1885.1,2326.5,937.1,24.651
11/16/2020,1887.8,2345.1,927.5,24.802
11/13/2020,1886.2,2329.7,896,24.775
11/12/2020,1873.3,2341.9,884,24.306
11/11/2020,1861.6,2316.8,868.1,24.267
11/10/2020,1876.4,2471.4,892.7,24.462
11/9/2020,1854.4,2499.2,867.4,23.701
11/6/2020,1951.7,2500,899.4,25.662
11/5/2020,1946.8,2383.6,899.9,25.191
11/4/2020,1896.2,2307.6,870.1,23.893
11/3/2020,1910.4,2297.8,875,24.334
11/2/2020,1892.5,2220.4,859.5,24.033
10/30/2020,1879.9,2217.2,848.4,23.646
10/29/2020,1868,2198.5,849.5,23.36
10/28/2020,1879.2,2250.6,875,23.359
10/27/2020,1911.9,2353.9,886.8,24.57
10/26/2020,1905.7,2368.7,877.4,24.42
10/23/2020,1905.2,2398.6,906.7,24.675
10/22/2020,1904.6,2395.9,884,24.709
10/21/2020,1929.5,2427.5,893.9,25.241
10/20/2020,1915.4,2417.7,877.3,24.98
10/19/2020,1911.7,2357.5,863.5,24.698
10/16/2020,1906.4,2342.3,869.3,24.405
10/15/2020,1908.9,2367.1,861.3,24.224
10/14/2020,1907.3,2366.3,863.4,24.395
10/13/2020,1894.6,2344.3,873.3,24.129
10/12/2020,1928.9,2425.6,876.3,25.271
10/9/2020,1926.2,2463.2,894.3,25.108
10/8/2020,1895.1,2403,864,23.876
10/7/2020,1890.8,2382.1,866.8,23.896
10/6/2020,1908.8,2391.2,870.3,23.921
10/5/2020,1920.1,2378.4,904.7,24.56
10/2/2020,1907.6,2325,891.4,24.029
10/1/2020,1916.3,2328.2,906,24.254
9/30/2020,1895.5,2330.5,909.2,23.494
9/29/2020,1903.2,2329.3,897.7,24.445
9/28/2020,1882.3,2271.5,891.4,23.604
9/25/2020,1866.3,2222.2,849.2,23.093
9/24/2020,1876.9,2226.9,845.3,23.196
9/23/2020,1868.4,2258.3,850.8,23.105
9/22/2020,1907.6,2229.6,866.2,24.523
9/21/2020,1910.6,2281.7,876.1,24.387
9/18/2020,1962.1,2380.8,938.5,27.129
9/17/2020,1949.9,2335.3,930.9,27.1
9/16/2020,1970.5,2417.6,973.5,27.476
9/15/2020,1966.2,2414.5,982.2,27.464
9/14/2020,1963.7,2324.4,958.7,27.355
9/11/2020,1947.9,2330.8,939.6,26.857
9/10/2020,1964.3,2330.9,941,27.291
9/9/2020,1954.9,2318.2,924.9,27.083
9/8/2020,1943.2,2305.8,910.3,26.991
9/4/2020,1934.3,2343.2,898.2,26.712
9/3/2020,1937.8,2321.6,889.6,26.875
9/2/2020,1944.7,2267.5,904.1,27.395
9/1/2020,1978.9,2311.1,952.7,28.645
8/31/2020,1978.6,2279.3,937.9,28.594
8/28/2020,1974.9,2231.5,940,27.79
8/27/2020,1932.6,2190.5,928.1,27.198
8/26/2020,1952.5,2212.9,939.8,27.604
8/25/2020,1923.1,2193.8,934,26.426
8/24/2020,1939.2,2187.4,924.5,26.768
8/21/2020,1947,2201.4,926.1,26.877
8/20/2020,1946.5,2206.2,926.9,27.301
8/19/2020,1970.3,2179.1,956.3,27.486
8/18/2020,2013.1,2228.3,975.4,28.243
8/17/2020,1998.7,2233.8,967.6,27.834
8/14/2020,1949.8,2143.8,959.1,26.089
8/13/2020,1970.4,2216.8,983,27.718
8/12/2020,1949,2168.2,959.2,25.979
8/11/2020,1946.3,2175,971.4,26.049
8/10/2020,2039.7,2270.4,1002.7,29.261
8/7/2020,2028,2176.6,970.4,27.54
8/6/2020,2069.4,2259.4,1013.9,28.4
8/5/2020,2049.3,2215.5,989.1,26.89
8/4/2020,2021,2170.6,955.2,26.028
8/3/2020,1986.3,2139.5,931.1,24.417
7/31/2020,1985.9,2145.3,918.9,24.216
7/30/2020,1966.8,2134.9,912.6,23.362
7/29/2020,1976.7,2261.2,958.5,24.321
7/28/2020,1963.9,2365.5,986.2,24.3
7/27/2020,1955.4,2369.7,966.6,24.501
7/24/2020,1897.5,2294.1,956,22.85
7/23/2020,1890,2239.8,963.8,22.988
7/22/2020,1865.1,2229,957.4,23.144
7/21/2020,1843.9,2188.2,918.9,21.557
7/20/2020,1817.4,2109.4,857.9,20.192
7/17/2020,1810,2071.7,849.6,19.764
7/16/2020,1800.3,2025.1,837,19.573
7/15/2020,1813.8,2010,843.2,19.761
7/14/2020,1813.4,1985.6,836.8,19.53
7/13/2020,1814.1,2040.9,863,19.788
7/10/2020,1801.9,1994.4,845.9,19.053
7/9/2020,1803.8,1963.2,846.9,18.962
7/8/2020,1820.6,1938.3,884,19.161
7/7/2020,1809.9,1951.6,863.2,18.699
7/6/2020,1793.5,1952.3,837.7,18.582
7/2/2020,1790,1927.6,831.6,18.322
7/1/2020,1779.9,1930.7,834.4,18.218
6/30/2020,1800.5,1966.9,851.2,18.637
6/29/2020,1781.2,1933.1,828.2,18.064
6/26/2020,1780.3,1894.4,819.3,18.168
6/25/2020,1770.6,1845.1,808.5,18.051
6/24/2020,1775.1,1888.5,817.8,17.811
6/23/2020,1782,1951.1,856.1,18.239
6/22/2020,1766.4,1942.1,849.2,18.074
6/19/2020,1753,1908.4,830.3,18.022
6/18/2020,1731.1,1908.6,815.6,17.67
6/17/2020,1735.6,1925.5,840.3,17.775
6/16/2020,1736.5,1942.7,843.9,17.652
6/15/2020,1727.2,1933.1,821.7,17.399
6/12/2020,1737.3,1938.5,819,17.482
6/11/2020,1739.8,1910.1,824,17.889
6/10/2020,1720.7,1930.8,846,17.796
6/9/2020,1721.9,1967.1,860.6,17.794
6/8/2020,1705.1,2036.9,861.2,17.893
6/5/2020,1683,1952.6,830.4,17.479
6/4/2020,1727.4,1922.8,865,18.061
6/3/2020,1704.8,1958.2,860.5,17.958
6/2/2020,1734,1982.6,868.7,18.26
6/1/2020,1750.3,1988.4,901.1,18.827
5/29/2020,1736.9,1934.5,870.5,18.44
5/28/2020,1728.3,1946.5,868.1,17.967
5/27/2020,1726.8,1978.4,878.1,17.757
5/26/2020,1728.2,1983.8,873.3,17.595
5/22/2020,1734.6,1971.8,881.7,17.664
5/21/2020,1721.9,2058.1,866.5,17.364
5/20/2020,1750.6,2154.1,929.9,18.002
5/19/2020,1745.6,2063.8,889.6,17.901
5/18/2020,1734.4,2027.1,869.3,17.468
5/15/2020,1753.4,1852.6,812.5,17.046
5/14/2020,1740.9,1798.2,775,16.156
5/13/2020,1716.4,1790.7,769.8,15.671
5/12/2020,1706.8,1835.4,777.4,15.709
5/11/2020,1698,1828.1,781.3,15.68
5/8/2020,1709.9,1815.8,784.7,15.74
5/7/2020,1725.8,1835.7,782.1,15.59
5/6/2020,1688.5,1758.9,765.5,15.015
5/5/2020,1710.6,1756.5,784.7,15.11
5/4/2020,1713.3,1831,778.5,14.796
5/1/2020,1694.5,1883.5,769.9,14.863
4/30/2020,1694.2,1956,813,14.973
4/29/2020,1703.4,1913.5,795.4,15.16
4/28/2020,1722.2,1878.7,795.6,15.328
4/27/2020,1723.8,1894.8,777,15.341
4/24/2020,1723.5,2013.8,773.4,15.254
4/23/2020,1745.4,2001,788,15.526
4/22/2020,1738.3,1892.2,765.3,15.503
4/21/2020,1687.8,1907.6,758.4,14.991
4/20/2020,1711.2,2127.5,796,15.75
4/17/2020,1689.2,2159.4,781.3,15.237
4/16/2020,1731.7,2120.7,793.3,15.766
4/15/2020,1740.2,2153.6,804.6,15.654
4/14/2020,1768.9,2185.4,819.7,16.341
4/13/2020,1744.8,2199.2,745.8,15.479
4/9/2020,1736.2,2138.5,744.6,15.995
4/8/2020,1684.3,2095.2,733.6,15.205
4/7/2020,1683.7,2094.3,745,15.48
4/6/2020,1677,2105.3,728,15.111
4/3/2020,1633.7,2134.5,714.1,14.436
4/2/2020,1637.7,2121.7,730,14.654
4/1/2020,1591.4,2140.8,717.8,13.984
3/31/2020,1583.4,2333.3,724.4,14.098
3/30/2020,1643.2,2197.6,723.8,14.132
3/27/2020,1623.9,2226.8,740,14.498
3/26/2020,1660.3,2226.1,737.1,14.676
3/25/2020,1634.3,2247.6,745.9,14.873
3/24/2020,1660.2,1817,701.7,14.229
3/23/2020,1572.7,1556.9,627.6,13.261
3/20/2020,1484,1570.3,621.6,12.349
3/19/2020,1479.3,1529.4,597.1,12.134
3/18/2020,1477.9,1419.8,605,11.772
3/17/2020,1524.9,1539.7,664.4,12.469
3/16/2020,1486.5,1514.1,657.7,12.816
3/13/2020,1516.7,1509.1,743.9,14.5
3/12/2020,1590.3,1914.9,781.8,16.005
3/11/2020,1642.3,2229.3,868.2,16.776
3/10/2020,1659.1,2347.5,868.5,16.906
3/9/2020,1675.7,2405.7,862.8,17.054
3/6/2020,1672.4,2439.2,896.4,17.263
3/5/2020,1666.4,2487.1,864.6,17.342
3/4/2020,1643,2385,875.2,17.246
3/3/2020,1642.1,2405.2,868.2,17.129
3/2/2020,1592.3,2445.4,858.3,16.679
2/28/2020,1564.1,2508.8,862.8,16.387
2/27/2020,1642.5,2711.7,905.5,17.735
2/26/2020,1643.1,2666.8,914.8,17.914
2/25/2020,1650,2614.3,932.3,18.268
2/24/2020,1676.6,2514.8,974.2,18.96
2/21/2020,1644.6,2627.3,973.4,18.521
2/20/2020,1620.5,2573.9,979,18.319
2/19/2020,1611.8,2571.2,1004.5,18.311
2/18/2020,1600,2519.5,991.3,18.131
2/14/2020,1582.7,2338.6,966,17.715
2/13/2020,1578.8,2351,974.7,17.619
2/12/2020,1571.6,2322.5,967.3,17.497
2/11/2020,1565.6,2287.6,970.9,17.573
2/10/2020,1579.5,2249.8,966.9,17.785
2/7/2020,1568.6,2232.1,966.6,17.665
2/6/2020,1570,2237.2,967.4,17.818
2/5/2020,1562.8,2326.7,987.1,17.602
2/4/2020,1555.5,2335.6,966.1,17.561
2/3/2020,1582.4,2233.5,970.7,17.67
1/31/2020,1582.9,2246.6,959.2,17.972
1/30/2020,1589.2,2215.7,980.5,17.992
1/29/2020,1576,2202.2,975.3,17.487
1/28/2020,1575.8,2185.1,995,17.458
1/27/2020,1583.7,2173.6,991.7,18.056
1/24/2020,1571.1,2329.3,1005.2,18.057
1/23/2020,1571.6,2329,1007.3,17.829
1/22/2020,1556.7,2335.6,1021.3,17.828
1/21/2020,1556.4,2245.7,1002,17.751
1/17/2020,1558.8,2237.9,1019.4,18.013
1/16/2020,1550.5,2177.8,1001.2,17.939
1/15/2020,1554,2165.1,1025.6,17.988
1/14/2020,1544.6,2123.3,987.3,17.742
1/13/2020,1550.6,2079.1,982.1,17.996
1/10/2020,1557.5,2072.7,981.2,18.033
1/9/2020,1554.3,2060.4,972,17.936
1/8/2020,1560.2,2061.4,963.8,18.167
1/7/2020,1574.3,2014.3,971.6,18.393
1/6/2020,1568.8,1989.6,966.2,18.179
1/3/2020,1549.2,1955.5,984.5,18.068
1/2/2020,1528.1,1927.8,985,18.046
12/31/2019,1519.5,1909.1,971.4,17.828
12/30/2019,1518.6,1880.5,965.4,18.001
12/27/2019,1518.1,1881.2,956.6,17.943
12/26/2019,1514.4,1868.5,958.9,17.99
12/24/2019,1499.1,1851.7,941.3,17.757
12/23/2019,1488.7,1849,944.3,17.499
12/20/2019,1474.7,1808.8,912.1,17.128
12/19/2019,1478.2,1900.9,933.5,17.058
12/18/2019,1478.7,1896.2,935.7,17.049
12/17/2019,1480.6,1918.6,929.8,17.072
12/16/2019,1480.5,1963.6,931.3,17.113
12/13/2019,1475.6,1890.4,926.7,16.912
12/12/2019,1472.3,1914.2,944.8,16.949
12/11/2019,1475,1885.1,939.5,16.849
12/10/2019,1462.6,1871.3,920.5,16.596
12/9/2019,1464.9,1856.6,898.5,16.642
12/6/2019,1459.1,1844.2,896.8,16.481
12/5/2019,1483.1,1845.7,900.6,17.059
12/4/2019,1480.2,1845.4,901.8,16.916
12/3/2019,1478.2,1828.2,909.2,17.125
12/2/2019,1469.2,1824.7,899.7,16.966
11/29/2019,1472.7,1810.1,900.4,17.106
11/27/2019,1453.4,1811.4,892.9,16.912
11/26/2019,1467.4,1782,911.7,17.188
11/25/2019,1463.8,1772,900.4,17.03
11/22/2019,1468.8,1745.9,889.8,17.147
11/21/2019,1470.5,1731.9,917.5,17.211
11/20/2019,1470,1744.3,917.2,17.1
11/19/2019,1473.3,1739.9,909.1,17.103
11/18/2019,1471.9,1704.4,895,17
11/15/2019,1467.3,1685,891.5,16.933
11/14/2019,1473.4,1702.1,882.8,17.028
11/13/2019,1463.3,1675.1,874.8,16.913
11/12/2019,1452.1,1672.6,866.6,16.677
11/11/2019,1457.1,1656,880.6,16.802
11/8/2019,1461.3,1711.1,889.4,16.783
11/7/2019,1464.2,1780.3,910.6,16.97
11/6/2019,1493.1,1761.1,931.7,17.598
11/5/2019,1483.7,1746.7,930.6,17.568
11/4/2019,1511.1,1752.8,938.7,18.066
11/1/2019,1508,1786.8,950.3,18.004
10/31/2019,1514.8,1755.6,933.7,18.067
10/30/2019,1493.2,1794.6,926.6,17.815
10/29/2019,1490.7,1755.1,925.1,17.831
10/28/2019,1495.8,1779.3,919,17.876
10/25/2019,1499.5,1745.6,929.1,17.861
10/24/2019,1504.7,1747.9,925.1,17.804
10/23/2019,1495.7,1714.6,922.4,17.58
10/22/2019,1487.5,1728.5,896,17.5
10/21/2019,1488.1,1725.3,892.2,17.602
10/18/2019,1488.2,1719,892.3,17.502
10/17/2019,1498.3,1730.7,893,17.612
10/16/2019,1494,1735,890.7,17.427
10/15/2019,1483.5,1696.6,889.2,17.308
10/14/2019,1497.6,1687,899.4,17.71
10/11/2019,1488.7,1670.1,900.3,17.462
10/10/2019,1500.9,1675.9,907.9,17.602
10/9/2019,1512.8,1654.7,896.7,17.81
10/8/2019,1497.2,1652.1,885.3,17.617
10/7/2019,1504.4,1646.3,888.3,17.54
10/4/2019,1506.2,1643.8,881.7,17.54
10/3/2019,1513.8,1630.2,894,17.676
10/2/2019,1501,1666.9,888.3,17.592
10/1/2019,1489,1630.7,886.1,17.302
9/30/2019,1472.9,1647.5,889.2,16.998
9/27/2019,1506.4,1652.9,936.1,17.552
9/26/2019,1515.2,1642.9,942.7,17.912
9/25/2019,1512.3,1611.8,935.6,18.073
9/24/2019,1532.1,1648.2,953.8,18.517
9/23/2019,1531.5,1625.6,960.8,18.711
9/20/2019,1507.3,1626.8,941.8,17.738
9/19/2019,1506.2,1612.6,942.4,17.884
9/18/2019,1515.8,1582.2,934.6,17.919
9/17/2019,1513.4,1597.7,944.2,18.14
9/16/2019,1503.1,1591.5,938.3,17.901
9/13/2019,1490.9,1600.5,951.3,17.436
9/12/2019,1507.4,1604.8,952.6,18.177
9/11/2019,1503.2,1556.8,940.2,18.17
9/10/2019,1499.2,1554.1,936.6,18.186
9/9/2019,1511.1,1536.8,952.7,18.167
9/6/2019,1506.2,1544.1,956.9,17.968
9/5/2019,1525.5,1561.1,963.7,18.807
9/4/2019,1560.4,1552.1,984.2,19.547
9/3/2019,1555.9,1535.2,955.6,19.237
8/30/2019,1529.2,1531,936.2,18.48
8/29/2019,1536.9,1471.5,920,18.323
8/28/2019,1549.1,1462.5,908.9,18.456
8/27/2019,1551.8,1481,868.2,18.298
8/26/2019,1537.2,1474.9,857.8,17.785
8/23/2019,1537.6,1456.8,855.3,17.554
8/22/2019,1497.3,1484,859.3,17.014
8/21/2019,1515.7,1465.5,858.1,17.29
8/20/2019,1515.7,1489.7,852.8,17.148
8/19/2019,1511.6,1474.3,856.8,16.94
8/16/2019,1523.6,1441.3,851.5,17.122
8/15/2019,1531.2,1438.6,842,17.214
8/14/2019,1527.8,1416.4,848,17.28
8/13/2019,1514.1,1451.5,859.7,16.985
8/12/2019,1517.2,1430.8,863.7,17.071
8/9/2019,1508.5,1419.3,863.8,16.931
8/8/2019,1509.5,1413.5,867.5,16.936
8/7/2019,1507.3,1405.1,868.3,17.156
8/6/2019,1484.2,1437,853.2,16.445
8/5/2019,1464.6,1416.3,857.9,16.345
8/2/2019,1457.5,1404.2,853,16.27
8/1/2019,1432.4,1414.3,851.3,16.18
7/31/2019,1437.8,1524.4,878.9,16.405
7/30/2019,1441.8,1509.1,872.6,16.558
7/29/2019,1433.3,1553.8,881.9,16.44
7/26/2019,1432.2,1527.5,862.7,16.397
7/25/2019,1427.5,1533.9,874,16.411
7/24/2019,1436.5,1538.5,881.1,16.626
7/23/2019,1421.7,1518.6,861.6,16.476
7/22/2019,1426.9,1529.2,852.7,16.411
7/19/2019,1426.7,1508.3,852.1,16.195
7/18/2019,1428.1,1511.9,849.9,16.198
7/17/2019,1421.3,1539.7,841.7,15.893
7/16/2019,1411.2,1516.3,846.9,15.678
7/15/2019,1413.5,1562.9,845.2,15.365
7/12/2019,1412.2,1542.4,834.6,15.236
7/11/2019,1406.7,1559.1,830.9,15.146
7/10/2019,1412.5,1588.1,830,15.226
7/9/2019,1400.5,1539.9,815.1,15.147
7/8/2019,1400,1558.2,820.4,15.05
7/5/2019,1400.1,1564.2,811.4,15.001
7/3/2019,1420.9,1565.8,843.6,15.336
7/2/2019,1408,1552.8,833.5,15.238
7/1/2019,1385.6,1539.1,831.1,15.106
6/28/2019,1409.7,1532.4,835.5,15.253
6/27/2019,1412,1538.9,817.5,15.294
6/26/2019,1411.6,1518,817.1,15.283
6/25/2019,1418.7,1532.5,814.5,15.383
6/24/2019,1418.2,1528.6,816.3,15.461
6/21/2019,1400.1,1499.6,811,15.37
6/20/2019,1396.9,1480.6,805.6,15.492
6/19/2019,1348.8,1492.6,805.8,14.958
6/18/2019,1350.7,1473.3,802,14.993
6/17/2019,1342.9,1455.5,794.6,14.829
6/14/2019,1344.5,1461.5,804.7,14.803
6/13/2019,1343.7,1438.2,809.4,14.892
6/12/2019,1336.8,1405.6,810.5,14.753
6/11/2019,1331.2,1389.2,814.3,14.74
6/10/2019,1329.3,1386.8,805.2,14.639
6/7/2019,1346.1,1356,806.1,15.031
6/6/2019,1342.7,1349.1,803.7,14.905
6/5/2019,1333.6,1327.3,802.8,14.791
6/4/2019,1323.4,1337.1,817.4,14.732
6/3/2019,1327.9,1315,820.9,14.74
5/31/2019,1311.1,1331.5,794.2,14.567
5/30/2019,1287.1,1369.8,792.5,14.46
5/29/2019,1286.3,1343.9,791.7,14.411
5/28/2019,1282.5,1336.7,797.1,14.32
5/24/2019,1289.2,1324,802.9,14.555
5/23/2019,1291,1305.5,799.5,14.613
5/22/2019,1274.2,1313.5,805.3,14.449
5/21/2019,1273.2,1312.5,815.4,14.41
5/20/2019,1277.3,1331,814.2,14.445
5/17/2019,1275.7,1305.8,820.3,14.388
5/16/2019,1286.2,1324.7,833.6,14.539
5/15/2019,1297.8,1332.9,847.7,14.812
5/14/2019,1296.3,1333,859.1,14.812
5/13/2019,1301.8,1316.8,854.9,14.777
5/10/2019,1287.4,1350.7,865.6,14.79
5/9/2019,1285.2,1283,851.4,14.773
5/8/2019,1281.4,1306.4,864.4,14.862
5/7/2019,1285.6,1323.4,873.4,14.926
5/6/2019,1283.8,1328.1,880.9,14.927
5/3/2019,1281.3,1358,874.8,14.978
5/2/2019,1272,1343.2,854.2,14.617
5/1/2019,1284.2,1344.4,877.4,14.729
4/30/2019,1282.8,1387.4,888.1,14.9
4/29/2019,1281.5,1362,901.3,14.933
4/26/2019,1288.8,1447.2,903.6,15.088
4/25/2019,1279.7,1406.9,889.7,14.96
4/24/2019,1279.4,1405.1,888.6,14.996
4/23/2019,1273.2,1375.6,893.8,14.865
4/22/2019,1277.6,1369.8,902.2,15.058
4/18/2019,1276,1398.5,903.7,15.038
4/17/2019,1276.8,1378.6,891.3,14.939
4/16/2019,1277.2,1328.4,884.2,14.915
4/15/2019,1291.3,1334.7,894.5,14.975
4/12/2019,1295.2,1350.2,898.5,14.963
4/11/2019,1293.3,1332.6,895.3,14.867
4/10/2019,1313.9,1363.2,908.9,15.244
4/9/2019,1308.3,1362.6,899.3,15.211
4/8/2019,1297.1,1356.3,907.6,15.173
4/5/2019,1295.6,1345.9,905.4,15.086
4/4/2019,1294.3,1332.3,904.5,15.084
4/3/2019,1295.3,1378.1,874.2,15.102
4/2/2019,1295.4,1400.3,852.5,15.061
4/1/2019,1294.2,1391.8,855.3,15.099
3/29/2019,1298.5,1341.8,854.1,15.11
3/28/2019,1295.3,1309.7,843.8,14.973
3/27/2019,1316.9,1421.5,862.2,15.298
3/26/2019,1321.4,1515.9,865.4,15.429
3/25/2019,1329,1543.4,863.2,15.567
3/22/2019,1318.7,1515.5,853.4,15.407
3/21/2019,1313.6,1557.9,866.2,15.437
3/20/2019,1300.5,1560.4,859.6,15.245
3/19/2019,1306.5,1551.9,852.6,15.372
3/18/2019,1301.5,1539.7,834,15.322
3/15/2019,1302.9,1518.5,831.8,15.324
3/14/2019,1293.4,1531.7,825.6,15.101
3/13/2019,1309.3,1506.7,841.7,15.456
3/12/2019,1296.3,1519.9,831,15.338
3/11/2019,1291.1,1482,816.8,15.274
3/8/2019,1299.3,1459,817.6,15.349
3/7/2019,1286.1,1482.4,817.1,15.04
3/6/2019,1287.6,1486.4,828.1,15.085
3/5/2019,1284.7,1465.9,838,15.105
3/4/2019,1287.5,1485.1,838.9,15.105
3/1/2019,1299.2,1506.1,863.7,15.256
2/28/2019,1316.1,1501.5,875.2,15.634
2/27/2019,1317.7,1523.4,867.8,15.672
2/26/2019,1328.5,1519.7,860.4,15.926
2/25/2019,1329.5,1494.5,853.6,15.928
2/22/2019,1332.8,1460.1,845.9,16.012
2/21/2019,1327.8,1445.1,826.3,15.906
2/20/2019,1347.9,1462.1,834.2,16.281
2/19/2019,1344.8,1453.9,821,15.967
2/15/2019,1322.1,1407.2,806.9,15.743
2/14/2019,1313.9,1385.9,789.2,15.528
2/13/2019,1310.8,1411,788,15.624
2/12/2019,1314,1375.4,789.6,15.69
2/11/2019,1307,1395.2,782.7,15.657
2/8/2019,1318.5,1371.2,802.5,15.809
2/7/2019,1314.2,1358.1,797.3,15.713
2/6/2019,1314.4,1351.6,813.8,15.701
2/5/2019,1319.2,1341.2,819.9,15.836
2/4/2019,1319.3,1330.4,822.8,15.886
2/1/2019,1322.1,1313.6,826.7,15.931
1/31/2019,1325.2,1299.9,824.7,16.072
1/30/2019,1315.5,1316.4,816.2,15.927
1/29/2019,1315.2,1303.6,815.8,15.839
1/28/2019,1309.3,1289.3,814.5,15.765
1/25/2019,1304.2,1319.8,818.3,15.699
1/24/2019,1285.9,1280.7,805,15.3
1/23/2019,1290.2,1308.2,796.4,15.38
1/22/2019,1283.4,1306.5,791.2,15.325
1/18/2019,1282.6,1335.1,802.1,15.399
1/17/2019,1292.3,1348.2,812.3,15.536
1/16/2019,1293.8,1318.5,807.9,15.638
1/15/2019,1288.4,1277.1,800.1,15.62
1/14/2019,1289.1,1279.5,798.8,15.609
1/11/2019,1289.5,1278.7,818,15.656
1/10/2019,1287.4,1273.2,826.1,15.643
1/9/2019,1292,1269.4,825.3,15.735
1/8/2019,1285.9,1261.4,821.8,15.713
1/7/2019,1289.9,1240.2,824.3,15.756
1/4/2019,1285.8,1234.4,827.2,15.786
1/3/2019,1294.8,1200.3,799.3,15.797
1/2/2019,1284.1,1198.8,804,15.649
12/31/2018,1281.3,1197.2,800.6,15.54
12/28/2018,1283,1183.4,796.4,15.436
12/27/2018,1281.1,1194.5,801.4,15.31
12/26/2018,1273,1185.9,804.9,15.123
12/24/2018,1271.8,1176.1,792.8,14.82
12/21/2018,1258.1,1158.7,799.1,14.702
12/20/2018,1267.9,1191.9,799.7,14.869
12/19/2018,1256.4,1201.3,796,14.818
12/18/2018,1253.6,1179.2,794.8,14.701
12/17/2018,1251.8,1182,795.9,14.759
12/14/2018,1241.4,1171.6,785.3,14.637
12/13/2018,1247.4,1190.7,797.5,14.855
12/12/2018,1250,1194.5,807.1,14.851
12/11/2018,1247.2,1177.3,785.5,14.628
12/10/2018,1249.4,1158.7,782.1,14.605
12/7/2018,1252.6,1170.8,790.4,14.696
12/6/2018,1243.6,1141.9,789.6,14.509
12/5/2018,1242.6,1184.4,802,14.582
12/4/2018,1246.6,1180.2,804.2,14.64
12/3/2018,1239.6,1165.6,810.7,14.499
11/30/2018,1226,1144.6,799.8,14.217
11/29/2018,1230.4,1151.4,820.9,14.402
11/28/2018,1229.8,1151.9,826.3,14.455
11/27/2018,1219.9,1122.1,835.3,14.221
11/26/2018,1228.7,1123.9,847.8,14.343
11/23/2018,1223.2,1111.5,845,14.367
11/21/2018,1225.8,1149.8,848.1,14.48
11/20/2018,1221.2,1126.1,847,14.269
11/19/2018,1225.3,1141.3,857.6,14.403
11/16/2018,1223,1154.6,846.6,14.382
11/15/2018,1215,1137.4,845.3,14.263
11/14/2018,1210.1,1110.2,833.8,14.08
11/13/2018,1199.2,1092.1,837.1,13.952
11/12/2018,1201.3,1102.2,841.7,13.974
11/9/2018,1208.6,1097.5,856,14.14
11/8/2018,1225.1,1116.1,870.3,14.423
11/7/2018,1228.7,1120.7,878.8,14.569
11/6/2018,1226.3,1095.3,871.5,14.5
11/5/2018,1232.3,1121.6,869.4,14.647
11/2/2018,1233.3,1104.5,875.7,14.756
11/1/2018,1238.6,1081.4,862.8,14.777
10/31/2018,1215,1068.5,843,14.282
10/30/2018,1225.3,1055,839,14.462
10/29/2018,1227.6,1079.3,836.9,14.442
10/26/2018,1235.8,1085.9,834.4,14.7
10/25/2018,1232.4,1087.6,831.9,14.63
10/24/2018,1231.1,1112.3,831.5,14.676
10/23/2018,1236.8,1122.8,835.4,14.793
10/22/2018,1224.6,1107.7,822.5,14.587
10/19/2018,1228.7,1069.9,836,14.65
10/18/2018,1230.1,1064.7,831.7,14.604
10/17/2018,1227.4,1067.6,840.6,14.663
10/16/2018,1231,1073.9,846.7,14.701
10/15/2018,1226.4,1096.2,842.5,14.656
10/12/2018,1222,1060.8,840,14.635
10/11/2018,1227.6,1075.2,846.6,14.606
10/10/2018,1193.4,1067.2,827.3,14.326
10/9/2018,1191.5,1062.1,828.9,14.4
10/8/2018,1184.4,1086.9,814.1,14.259
10/5/2018,1205.6,1057.1,824.5,14.649
10/4/2018,1201.6,1045.5,824.5,14.59
10/3/2018,1202.9,1053,835.7,14.67
10/2/2018,1207,1050.7,833.5,14.693
10/1/2018,1191.7,1056.4,827.9,14.507
9/28/2018,1196.2,1072.8,822.4,14.712
9/27/2018,1182.3,1089.2,810.3,14.201
9/26/2018,1199.1,1063.1,829.1,14.401
9/25/2018,1205.1,1053.8,826.2,14.493
9/24/2018,1204.4,1051.6,832.7,14.341
9/21/2018,1201.3,1044.9,832.9,14.359
9/20/2018,1211.3,1044.2,834.2,14.305
9/19/2018,1202.2,1053.4,820.7,14.189
9/18/2018,1202.9,1004.8,814.9,14.185
9/17/2018,1205.8,977,800.9,14.223
9/14/2018,1201.1,970.5,798.6,14.142
9/13/2018,1208.2,968.7,803.3,14.244
9/12/2018,1210.9,965,799.9,14.293
9/11/2018,1202.2,961.8,789.3,14.153
9/10/2018,1199.8,964.6,790,14.181
9/7/2018,1200.4,968.8,780.4,14.17
9/6/2018,1204.3,962.1,790.9,14.181
9/5/2018,1201.3,961.2,784.3,14.22
9/4/2018,1199.1,967.5,778.2,14.18
8/31/2018,1206.7,969.9,787.1,14.557
8/30/2018,1205,960.7,791.8,14.594
8/29/2018,1211.5,954.3,796.6,14.81
8/28/2018,1207.4,954.4,793.5,14.767
8/27/2018,1216,937.5,804.2,14.972
8/24/2018,1213.3,919.2,789.4,14.901
8/23/2018,1194,911.2,778.4,14.642
8/22/2018,1203.3,918.2,793.7,14.85
8/21/2018,1200,910,793,14.766
8/20/2018,1194.6,898.7,793.9,14.67
8/17/2018,1184.2,877.8,777.3,14.631
8/16/2018,1184,874.8,784.5,14.713
8/15/2018,1185,837.2,771.9,14.454
8/14/2018,1193,898,798.5,15.025
8/13/2018,1198.9,880.9,799.5,14.982
8/10/2018,1219,901.1,829.6,15.295
8/9/2018,1219.9,898.4,834.1,15.462
8/8/2018,1221,886.4,829.5,15.432
8/7/2018,1218.3,902.9,831.4,15.373
8/6/2018,1208.6,903.6,821.5,15.292
8/3/2018,1223.2,907.9,836.9,15.462
8/2/2018,1210.6,923.5,823.4,15.329
8/1/2018,1227.6,911.9,817.2,15.452
7/31/2018,1233.6,931.9,845.8,15.559
7/30/2018,1231.5,922.5,831.5,15.537
7/27/2018,1232.7,918.5,831.7,15.493
7/26/2018,1235.3,941,832.4,15.438
7/25/2018,1241,928.3,839.7,15.589
7/24/2018,1234.6,908.6,835.6,15.52
7/23/2018,1234.4,910,825.8,15.368
7/20/2018,1231.1,888.9,829.5,15.549
7/19/2018,1224,866.2,806.3,15.402
7/18/2018,1227.9,901.8,817.8,15.574
7/17/2018,1227.3,909.2,819.9,15.617
7/16/2018,1239.7,920.9,822.3,15.735
7/13/2018,1241.2,932.8,830.3,15.815
7/12/2018,1246.6,948.8,846.4,15.977
7/11/2018,1244.4,937,835,15.817
7/10/2018,1255.4,937.6,846.2,16.087
7/9/2018,1259.6,954.7,853.5,16.139
7/6/2018,1255.8,947.6,848.6,16.069
7/5/2018,1258.8,942.7,841.4,16.097
7/3/2018,1253.5,938,846.3,16.043
7/2/2018,1241.7,934.4,813.4,15.835
6/29/2018,1254.5,950.9,857.7,16.198
6/28/2018,1251,930.9,855.2,16.041
6/27/2018,1256.1,943.9,862,16.237
6/26/2018,1259.9,954.7,874.7,16.331
6/25/2018,1268.9,935.4,871,16.407
6/22/2018,1270.7,946.4,875,16.539
6/21/2018,1270.5,945.6,863.2,16.326
6/20/2018,1274.5,957.2,874.1,16.309
6/19/2018,1278.6,960.3,864.9,16.323
6/18/2018,1280.1,982.9,883.9,16.44
6/15/2018,1278.5,981.8,887.8,16.48
6/14/2018,1308.3,1006.6,910.9,17.262
6/13/2018,1301.3,1007.2,902.5,16.991
6/12/2018,1299.4,1015.3,901.5,16.891
6/11/2018,1303.2,1016.5,906.4,16.952
6/8/2018,1302.7,1005.7,905.7,16.741
6/7/2018,1303,1009.6,900.3,16.815
6/6/2018,1301.4,1015.2,907.6,16.694
6/5/2018,1302.2,985.7,901.3,16.543
6/4/2018,1297.3,994.3,903.5,16.431
6/1/2018,1299.3,996.6,906.7,16.441
5/31/2018,1304.7,981.7,910.1,16.458
5/30/2018,1306.5,975,908.5,16.544
5/29/2018,1304.1,971,905.9,16.373
5/25/2018,1309,975.7,901.3,16.546
5/24/2018,1309.8,966.1,912.6,16.687
5/23/2018,1294.8,971.1,900.8,16.405
5/22/2018,1297.4,986.8,908.8,16.575
5/21/2018,1290.9,990.4,899.8,16.52
5/18/2018,1291.3,960.2,886.5,16.455
5/17/2018,1289.4,977.5,892.1,16.481
5/16/2018,1291.5,982.5,889.8,16.371
5/15/2018,1290.3,983.2,897.2,16.269
5/14/2018,1318.2,995.7,914.9,16.645
5/11/2018,1320.7,985.2,925.9,16.752
5/10/2018,1322.3,993.9,925.1,16.759
5/9/2018,1313,970.6,916.6,16.539
5/8/2018,1313.7,963.4,912.1,16.472
5/7/2018,1314.1,962.1,913.3,16.495
5/4/2018,1314.7,957.3,910.3,16.519
5/3/2018,1312.7,958.7,904,16.447
5/2/2018,1305.6,960.15,893.8,16.375
5/1/2018,1306.8,936.25,894.2,16.127
4/30/2018,1319.2,960.55,904.4,16.401
4/27/2018,1323.4,963,916.4,16.497
4/26/2018,1317.9,979.05,910.1,16.567
4/25/2018,1322.8,967.5,912.7,16.577
4/24/2018,1333,971.65,935,16.787
4/23/2018,1324,979.55,922.4,16.587
4/20/2018,1338.3,1030.2,931.8,17.163
4/19/2018,1348.8,1026.45,940.1,17.239
4/18/2018,1353.5,1034.95,945.8,17.248
4/17/2018,1349.5,1005,940,16.787
4/16/2018,1350.7,1003.75,931.8,16.677
4/13/2018,1347.9,980.95,933.1,16.658
4/12/2018,1341.9,959.15,934.8,16.473
4/11/2018,1360,960.95,934.3,16.768
4/10/2018,1345.9,949.75,933.1,16.596
4/9/2018,1340.1,932.5,939.4,16.529
4/6/2018,1336.1,895.15,917.5,16.362
4/5/2018,1328.5,900.1,915.3,16.355
4/4/2018,1340.2,917.9,918.1,16.254
4/3/2018,1337.3,927.8,931.3,16.392
4/2/2018,1352.9,927.5,936.5,16.672
3/29/2018,1327.3,943.8,932.6,16.268
3/28/2018,1330,963.2,940.8,16.253
3/27/2018,1347.9,971.8,952.4,16.541
3/26/2018,1360.9,966.85,956.4,16.684
3/23/2018,1355.7,971.55,954.1,16.582
3/22/2018,1333.2,981.8,949.1,16.387
3/21/2018,1321.5,986.45,950.6,16.419
3/20/2018,1311.9,975.9,945,16.185
3/19/2018,1317.8,987.4,954.4,16.325
3/16/2018,1312.3,988.55,950.2,16.272
3/15/2018,1317.8,981,956.9,16.422
3/14/2018,1325.6,984.75,961.5,16.537
3/13/2018,1327.1,991.6,967.3,16.627
3/12/2018,1320.8,967.65,962.9,16.536
3/9/2018,1324,986.85,964.2,16.608
3/8/2018,1321.7,965.6,952.3,16.5
3/7/2018,1327.6,959.05,953.2,16.494
3/6/2018,1335.2,978.3,970.6,16.784
3/5/2018,1319.9,977.5,962.1,16.412
3/2/2018,1323.4,986.65,965.1,16.466
3/1/2018,1305.2,973.2,957.8,16.276
2/28/2018,1317.9,1037.6,988.1,16.407
2/27/2018,1315.5,1029.2,983.1,16.346
2/26/2018,1332.8,1054.45,1001.8,16.622
2/23/2018,1330.3,1040.4,998.8,16.549
2/22/2018,1332.7,1033.5,999.4,16.638
2/21/2018,1332.1,1022.5,996.6,16.678
2/20/2018,1331.2,1027.15,1004,16.513
2/16/2018,1356.2,1035.75,1012.3,16.796
2/15/2018,1355.3,1006.65,1001.1,16.796
2/14/2018,1358,997.3,999.1,16.878
2/13/2018,1330.4,980.7,975.7,16.528
2/12/2018,1326.4,976.15,972.8,16.57
2/9/2018,1315.7,963.35,961.5,16.139
2/8/2018,1319,962.2,978.4,16.341
2/7/2018,1314.6,984.55,981.7,16.238
2/6/2018,1329.5,1002.5,994.3,16.58
2/5/2018,1336.5,1032.95,995.5,16.671
2/2/2018,1337.3,1044.95,999.4,16.709
2/1/2018,1347.9,1024.7,1007.8,17.155
1/31/2018,1343.1,1023.55,1004.3,17.241
1/30/2018,1340,1052.45,1001.8,17.058
1/29/2018,1345.1,1083.4,1012.7,17.127
1/26/2018,1357.2,1085.05,1018.4,17.441
1/25/2018,1368,1097.4,1032.1,17.615
1/24/2018,1361.4,1106.35,1015.8,17.489
1/23/2018,1336.7,1084.25,1007.8,16.913
1/22/2018,1331.9,1092.3,996.8,16.989
1/19/2018,1333.1,1098.4,1020.1,17.036
1/18/2018,1327.2,1093.3,1007.2,16.954
1/17/2018,1339.2,1109.7,1010.9,17.166
1/16/2018,1337.1,1088.15,1004.9,17.189
1/12/2018,1334.9,1105.35,996.2,17.141
1/11/2018,1322.5,1076.25,990.8,16.966
1/10/2018,1319.3,1077.4,978.8,17.035
1/9/2018,1313.7,1098.15,972.3,17.01
1/8/2018,1320.4,1095.9,976.4,17.144
1/5/2018,1322.3,1082.2,975.2,17.285
1/4/2018,1321.6,1094.75,970.2,17.269
1/3/2018,1318.5,1083.35,962.3,17.267
1/2/2018,1316.1,1087.35,947.8,17.206
12/29/2017,1309.3,1061,938.3,17.145
12/28/2017,1297.2,1063.45,931.5,16.923
12/27/2017,1291.4,1056.35,928,16.756
12/26/2017,1287.5,1042.45,927.5,16.604
12/22/2017,1278.8,1029.55,925.7,16.444
12/21/2017,1270.6,1029.65,921.5,16.239
12/20/2017,1269.6,1024.6,921.5,16.275
12/19/2017,1264.2,1018.6,914.1,16.153
12/18/2017,1265.5,1012.05,913.2,16.205
12/15/2017,1257.5,1015.4,889.4,16.063
12/14/2017,1257.1,1028.7,881.2,15.934
12/13/2017,1248.6,1004.05,875.4,15.869
12/12/2017,1241.7,1002.35,875.7,15.668
12/11/2017,1246.9,998.75,892.8,15.785
12/8/2017,1248.4,996.4,883.7,15.823
12/7/2017,1253.1,1002.95,894.5,15.802
12/6/2017,1266.1,986.95,902.8,15.955
12/5/2017,1264.9,977.15,917.5,16.068
12/4/2017,1277.7,991.75,926,16.373
12/1/2017,1282.3,1016.25,940.6,16.388
11/30/2017,1276.7,1003.55,942.5,16.474
11/29/2017,1286.2,1008.5,941.2,16.561
11/28/2017,1299.2,1020.65,952.8,16.918
11/27/2017,1298.9,1000.5,950.8,17.119
11/24/2017,1291.8,992.75,945.3,17.093
11/22/2017,1296.8,1000.05,940.7,17.216
11/21/2017,1281.7,996.5,938,16.96
11/20/2017,1275.3,986.1,923.6,16.842
11/17/2017,1296.5,992.9,954.6,17.373
11/16/2017,1278.2,984.85,936.2,17.072
11/15/2017,1277.7,985.1,933.1,16.971
11/14/2017,1282.9,985.55,927.3,17.073
11/13/2017,1278.9,989.7,935.6,17.047
11/10/2017,1274.2,993.1,932.1,16.871
11/9/2017,1287.5,1004.4,940.6,16.975
11/8/2017,1283.7,1015.8,937.9,17.138
11/7/2017,1275.8,994.1,925.3,16.94
11/6/2017,1281.6,995.1,935,17.235
11/3/2017,1269.2,991.5,921.9,16.834
11/2/2017,1278.1,994,927.8,17.137
11/1/2017,1277.3,998.15,936.7,17.176
10/31/2017,1270.5,979.15,919.6,16.693
10/30/2017,1277.7,962.65,922.7,16.847
10/27/2017,1271.8,958.25,914.6,16.752
10/26/2017,1269.6,968.1,922.1,16.811
10/25/2017,1279,958.1,926.7,16.925
10/24/2017,1278.3,961.2,925.5,16.966
10/23/2017,1280.9,949.95,927.2,17.075
10/20/2017,1280.5,969.85,926.8,17.078
10/19/2017,1290,952.8,925.9,17.255
10/18/2017,1283,952.95,924.6,16.997
10/17/2017,1286.2,975.95,934.8,17.041
10/16/2017,1303,976.3,942.1,17.369
10/13/2017,1304.6,985.5,947.9,17.411
10/12/2017,1296.5,973.7,941.8,17.266
10/11/2017,1288.9,958.95,933.2,17.133
10/10/2017,1293.8,933.65,936.5,17.207
10/9/2017,1285,928,918.2,16.971
10/6/2017,1274.9,919,916.7,16.79
10/5/2017,1273.2,936.5,918,16.638
10/4/2017,1276.8,919.65,914.8,16.624
10/3/2017,1274.6,916.9,915.5,16.65
10/2/2017,1275.8,911.3,916.6,16.654
9/29/2017,1284.8,936.85,915.5,16.676
9/28/2017,1288.7,927.85,925.7,16.847
9/27/2017,1287.8,925.5,925.5,16.827
9/26/2017,1301.7,914.45,928.7,16.883
9/25/2017,1311.5,909.7,944.2,17.147
9/22/2017,1297.5,919.85,936.2,16.984
9/21/2017,1294.8,911.55,939.9,17.018
9/20/2017,1316.4,910.15,945.4,17.334
9/19/2017,1310.6,904.3,951.2,17.279
9/18/2017,1310.8,930.45,961.1,17.156
9/15/2017,1325.2,921.75,971.8,17.701
9/14/2017,1329.3,914.3,980.9,17.789
9/13/2017,1328,933.7,983.2,17.867
9/12/2017,1332.7,943.4,986.5,17.89
9/11/2017,1335.7,931.65,998.8,17.902
9/8/2017,1351.2,931.25,1012.3,18.123
9/7/2017,1350.3,948.85,1016.8,18.116
9/6/2017,1339,931.9,1007.1,17.91
9/5/2017,1344.5,957,1009,17.941
9/1/2017,1330.4,977.1,1009,17.816
8/31/2017,1322.2,932.25,998.5,17.575
8/30/2017,1314.1,931.05,995.2,17.503
8/29/2017,1318.9,943.7,1003.5,17.516
8/28/2017,1315.3,932.35,989.3,17.529
8/25/2017,1297.9,926.45,979.1,17.132
8/24/2017,1292,936.15,982.6,17.046
8/23/2017,1294.7,933,980.9,17.126
8/22/2017,1291,932.35,981.3,16.982
8/21/2017,1296.7,939,985.5,17.015
8/18/2017,1291.6,927.1,982.4,17
8/17/2017,1292.4,926.15,981.7,17.053
8/16/2017,1282.9,910.2,974.5,16.94
8/15/2017,1279.7,892.05,967.4,16.714
8/14/2017,1290.4,898.15,974.9,17.122
8/11/2017,1294,894.7,989.7,17.07
8/10/2017,1290.1,897.05,985.9,17.065
8/9/2017,1279.3,891.85,976.1,16.863
8/8/2017,1262.6,898.4,974.5,16.389
8/7/2017,1264.7,885.2,971.6,16.251
8/4/2017,1264.6,874.8,969,16.252
8/3/2017,1274.4,881,964.6,16.63
8/2/2017,1278.4,892.2,953.8,16.733
8/1/2017,1279.4,893.4,949.5,16.764
7/31/2017,1273.4,885.4,940.7,16.786
7/28/2017,1275.3,880.15,936.6,16.695
7/27/2017,1266.5,876.9,926.4,16.573
7/26/2017,1255.6,862.9,922.7,16.459
7/25/2017,1258.5,856.95,931.8,16.542
7/24/2017,1260.7,849.05,932.3,16.443
7/21/2017,1261,844.35,937.4,16.457
7/20/2017,1245.5,847.6,933.2,16.345
7/19/2017,1242,859.15,924.2,16.297
7/18/2017,1241.9,864.4,930.3,16.268
7/17/2017,1233.7,865.55,930.3,16.099
7/14/2017,1227.5,856.75,923.5,15.933
7/13/2017,1217.3,854.75,907.1,15.691
7/12/2017,1219.1,861.55,919,15.887
7/11/2017,1214.7,846.85,898.7,15.745
7/10/2017,1213.2,837.35,901.9,15.629
7/7/2017,1209.7,831.25,904.1,15.425
7/6/2017,1223.3,832.2,910.3,15.983
7/5/2017,1221.7,834.4,908.8,15.896
7/3/2017,1219.2,842.4,906.1,16.092
6/30/2017,1242.3,836.65,926.4,16.627
6/29/2017,1245.8,846.1,923.1,16.654
6/28/2017,1249.1,854.6,924.2,16.791
6/27/2017,1246.9,858.35,920.9,16.651
6/26/2017,1246.4,863.95,918.2,16.631
6/23/2017,1256.4,856.65,931.5,16.707
6/22/2017,1249.4,880.5,925.6,16.573
6/21/2017,1245.8,876.45,927,16.374
6/20/2017,1243.5,867.15,921.5,16.417
6/19/2017,1246.7,855.6,926.9,16.502
6/16/2017,1256.5,865.65,926.8,16.661
6/15/2017,1254.6,857.95,921.3,16.716
6/14/2017,1275.9,853.8,951.9,17.136
6/13/2017,1268.6,857.55,924.2,16.767
6/12/2017,1268.9,864.25,944.5,16.944
6/9/2017,1271.4,856.2,940.3,17.223
6/8/2017,1279.5,846.5,938.1,17.414
6/7/2017,1293.2,828.2,947.6,17.62
6/6/2017,1297.5,848.4,963.3,17.71
6/5/2017,1282.7,841.85,957.6,17.581
6/2/2017,1280.2,834.05,953.4,17.525
6/1/2017,1270.1,823.1,929,17.281
5/31/2017,1275.4,815.95,950.3,17.406
5/30/2017,1265.7,802.65,941.1,17.427
5/26/2017,1271.4,786.7,962.9,17.323
5/25/2017,1259.8,768.5,952.9,17.193
5/24/2017,1253.1,761.65,947.3,17.117
5/23/2017,1255.5,772.35,949.4,17.139
5/22/2017,1261.4,759.1,950.3,17.191
5/19/2017,1253.6,760.7,940.2,16.796
5/18/2017,1252.8,765.45,936.8,16.67
5/17/2017,1258.7,777,946.1,16.906
5/16/2017,1236.4,792,937,16.747
5/15/2017,1230,797,928.7,16.603
5/12/2017,1227.7,803.5,917.5,16.402
5/11/2017,1224.2,798.95,917.7,16.265
5/10/2017,1218.9,799.35,909.9,16.207
5/9/2017,1216.1,793.6,900.9,16.067
5/8/2017,1227.1,805.55,919.6,16.258
5/5/2017,1226.9,813.05,910.2,16.274
5/4/2017,1228.6,800.65,907.7,16.303
5/3/2017,1248.5,799.3,904.4,16.546
5/2/2017,1257,813.6,926,16.831
5/1/2017,1255.5,814.45,932.2,16.842
4/28/2017,1268.3,826.7,948.7,17.262
4/27/2017,1265.9,813,948.8,17.334
4/26/2017,1264.2,805.15,948.5,17.431
4/25/2017,1267.2,796.65,957.6,17.659
4/24/2017,1277.5,795.45,960.2,17.932
4/21/2017,1289.1,790.75,977.6,17.937
4/20/2017,1283.8,802.9,981.2,18.018
4/19/2017,1283.4,775.6,970.3,18.162
4/18/2017,1294.1,771,978.6,18.272
4/17/2017,1291.9,788.55,991.1,18.514
4/13/2017,1288.5,795.9,977.4,18.51
4/12/2017,1278.1,796.3,967.9,18.3
4/11/2017,1274.2,803.1,969.5,18.254
4/10/2017,1253.9,790,940,17.915
4/7/2017,1257.3,803.7,962.6,18.151
4/6/2017,1253.3,804.1,958.9,18.246
4/5/2017,1248.5,807.75,959.6,18.187
4/4/2017,1258.4,806.95,964.5,18.323
4/3/2017,1254,802.55,958.2,18.212
3/31/2017,1251.2,798.15,952.4,18.256
3/30/2017,1248,797.5,955.7,18.206
3/29/2017,1256.8,790.2,956.3,18.252
3/28/2017,1258.8,792.6,960.7,18.252
3/27/2017,1258.8,794.45,972.4,18.108
3/24/2017,1251.7,813.35,971.2,17.748
3/23/2017,1250.1,800.15,967.6,17.593
3/22/2017,1249.7,789.45,961.9,17.578
3/21/2017,1246.5,787.65,971.4,17.583
3/20/2017,1234,781.65,972.4,17.438
3/17/2017,1230.2,775.8,963,17.413
3/16/2017,1227.1,766.65,958.4,17.33
3/15/2017,1200.7,745.45,936.8,16.923
3/14/2017,1202.6,741.7,938.9,16.923
3/13/2017,1203.1,754.45,941.2,16.972
3/10/2017,1201.4,745.15,938.2,16.923
3/9/2017,1203.2,748.05,937.2,17.036
3/8/2017,1209.4,770.4,949.5,17.298
3/7/2017,1216.1,775,961.1,17.536
3/6/2017,1225.5,773.15,978.2,17.773
3/3/2017,1226.5,767.7,994.1,17.74
3/2/2017,1232.9,769.75,989.9,17.748
3/1/2017,1250,779,1018.9,18.489
2/28/2017,1253.9,771.7,1031,18.469
2/27/2017,1258.8,785,1038.9,18.417
2/24/2017,1258.3,772.95,1028.7,18.406
2/23/2017,1251.4,774.6,1011.9,18.185
2/22/2017,1233.3,770.2,1002.7,18.022
2/21/2017,1238.9,780.15,1006,18.074
2/17/2017,1239.1,780.55,1006,18.103
2/16/2017,1241.6,793.3,1015.7,18.074
2/15/2017,1233.1,786.2,1009.9,17.963
2/14/2017,1225.4,780.9,1002.2,17.889
2/13/2017,1225.8,774.95,1000.3,17.821
2/10/2017,1235.9,783.1,1011.7,17.933
2/9/2017,1236.8,772.55,1022.2,17.741
2/8/2017,1239.5,769.75,1019.4,17.705
2/7/2017,1236.1,764.45,1012.9,17.756
2/6/2017,1232.1,774.3,1014.1,17.693
2/3/2017,1220.8,749,1006.7,17.479
2/2/2017,1219.4,759.05,999.6,17.429
2/1/2017,1208.3,762.9,999.8,17.45
1/31/2017,1211.4,754.3,996.5,17.543
1/30/2017,1196,738.45,993.5,17.152
1/27/2017,1191.1,738.6,983.3,17.136
1/26/2017,1192.5,724.45,981.7,16.85
1/25/2017,1200.5,736.1,981.7,16.98
1/24/2017,1210.8,795.85,1007.8,17.185
1/23/2017,1215.6,771.5,979.9,17.186
1/20/2017,1204.9,788.4,976,17.032
1/19/2017,1201.5,751.15,956.4,17.002
1/18/2017,1212.1,751,971.9,17.274
1/17/2017,1212.9,753,983.1,17.148
1/13/2017,1196.2,749.15,986.4,16.765
1/12/2017,1199.8,765.25,984.7,16.825
1/11/2017,1196.6,753.9,976.4,16.828
1/10/2017,1185.5,765.25,982.8,16.848
1/9/2017,1184.9,757.15,982.6,16.683
1/6/2017,1173.4,758.35,970.6,16.519
1/5/2017,1181.3,738.2,976,16.637
1/4/2017,1165.3,738.8,947.2,16.552
1/3/2017,1162,709.9,944.2,16.409
12/30/2016,1151.7,683.25,905.7,15.989
12/29/2016,1158.1,675.65,902.4,16.218
12/28/2016,1140.9,666.85,902.2,16.038
12/27/2016,1138.8,673.8,905.9,15.989
12/23/2016,1133.6,654.85,895,15.759
12/22/2016,1133.6,654.85,895,15.759
12/21/2016,1133.2,659.9,914.4,15.979
12/20/2016,1133.6,670.85,924,16.117
12/19/2016,1142.7,678.7,917.3,16.089
12/16/2016,1137.4,697.25,934.1,16.215
12/15/2016,1129.8,705.65,893.6,15.958
12/14/2016,1163.7,732.55,940.8,17.221
12/13/2016,1159,730.6,936.7,16.977
12/12/2016,1165.8,727.55,933.7,17.187
12/9/2016,1161.9,735.05,915,16.967
12/8/2016,1172.4,739.05,943.8,17.096
12/7/2016,1177.5,732.65,943.2,17.275
12/6/2016,1170.1,734.4,935.7,16.81
12/5/2016,1176.5,746.05,938.6,16.899
12/2/2016,1177.8,745.5,932.7,16.832
12/1/2016,1169.4,751.7,911.3,16.506
11/30/2016,1173.9,772.65,909.9,16.482
11/29/2016,1190.8,765.25,921.3,16.74
11/28/2016,1193.8,758,923.3,16.675
11/25/2016,1181,742.9,908.3,16.554
11/23/2016,1192.4,738.55,931.1,16.485
11/22/2016,1211.2,744.25,943,16.735
11/21/2016,1209.8,726.55,936.5,16.621
11/18/2016,1208.7,727.8,922,16.721
11/17/2016,1216.9,729.65,945.1,16.772
11/16/2016,1223.9,718.8,946.5,16.927
11/15/2016,1224.5,705.95,934.7,17.043
11/14/2016,1221.7,697.7,933.6,16.893
11/11/2016,1224.3,684.7,943.2,17.382
11/10/2016,1266.4,696.5,982.2,18.737
11/9/2016,1273.5,681.45,1003.3,18.378
11/8/2016,1274.5,665.5,1008.6,18.356
11/7/2016,1279.4,656.4,1001.4,18.151
11/4/2016,1304.5,624.8,1004.5,18.371
11/3/2016,1303.3,617.6,994.4,18.416
11/2/2016,1308.2,634.5,1001.8,18.693
11/1/2016,1288,634.1,997.9,18.418
10/31/2016,1273.1,618,978.6,17.796
10/28/2016,1276.8,616.35,981.4,17.796
10/27/2016,1269.5,613.2,964.9,17.639
10/26/2016,1266.6,620.95,964,17.626
10/25/2016,1273.6,634.85,964.9,17.78
10/24/2016,1263.7,630.75,939.1,17.604
10/21/2016,1267.7,620.75,932.3,17.493
10/20/2016,1267.5,632.85,935.4,17.549
10/19/2016,1269.9,635.5,943.5,17.663
10/18/2016,1262.9,639.4,946.5,17.638
10/17/2016,1256.6,637.8,936.2,17.474
10/14/2016,1255.5,648.3,939.5,17.441
10/13/2016,1257.6,636.85,932.9,17.458
10/12/2016,1253.8,649.1,941.9,17.505
10/11/2016,1255.9,648.15,949.8,17.509
10/10/2016,1260.4,668.55,965.4,17.659
10/7/2016,1251.9,667.4,962.6,17.38
10/6/2016,1253,666.15,966.3,17.345
10/5/2016,1268.6,675.6,976.6,17.695
10/4/2016,1269.7,699.55,990.5,17.775
10/3/2016,1312.7,711.8,1009.1,18.868
9/30/2016,1317.1,721.5,1034.5,19.214
9/29/2016,1326,719.5,1037.2,19.188
9/28/2016,1323.7,714.4,1027,19.121
9/27/2016,1330.4,701.05,1029.3,19.165
9/26/2016,1344.1,696.15,1046.7,19.596
9/23/2016,1341.7,706.4,1060.9,19.81
9/22/2016,1344.7,700.45,1062.8,20.099
9/21/2016,1331.4,683.9,1047.9,19.768
9/20/2016,1318.2,683.5,1030.9,19.277
9/19/2016,1317.8,686.25,1023.7,19.29
9/16/2016,1310.2,672.4,1017.6,18.862
9/15/2016,1318,656.6,1033.8,19.041
9/14/2016,1326.1,656.5,1040.9,19.066
9/13/2016,1323.7,656.1,1036,18.975
9/12/2016,1325.6,656.7,1042.9,19
9/9/2016,1334.5,679.45,1067.5,19.368
9/8/2016,1341.6,687.85,1084.7,19.678
9/7/2016,1349.2,688.35,1092.8,19.848
9/6/2016,1349.2,688.35,1092.8,19.848
9/2/2016,1354,700.65,1102.7,20.138
9/1/2016,1317.1,661.7,1048.9,18.943
8/31/2016,1311.4,668.7,1053.5,18.622
8/30/2016,1316.5,677.95,1056.6,18.577
8/29/2016,1327.1,697.3,1081.1,18.768
8/26/2016,1325.9,692.15,1077.7,18.651
8/25/2016,1324.6,685,1077,18.489
8/24/2016,1329.7,682.5,1082.2,18.556
8/23/2016,1346.1,699.85,1111.3,18.922
8/22/2016,1343.4,692.15,1108.2,18.859
8/19/2016,1346.2,709.35,1118.4,19.317
8/18/2016,1357.2,713.4,1133.2,19.74
8/17/2016,1348.8,691.7,1114.7,19.648
8/16/2016,1356.9,705.1,1124.1,19.874
8/15/2016,1347.5,692.25,1116.3,19.847
8/12/2016,1343.2,690.8,1129.3,19.703
8/11/2016,1350,691.8,1156.7,20.02
8/10/2016,1351.9,726.4,1183.1,20.17
8/9/2016,1346.7,694.35,1159.9,19.85
8/8/2016,1341.3,693.3,1155.4,19.805
8/5/2016,1344.4,696.3,1151.5,19.817
8/4/2016,1367.4,706,1165,20.443
8/3/2016,1364.7,713.85,1169.6,20.471
8/2/2016,1372.6,717.7,1172.1,20.701
8/1/2016,1359.6,716.25,1163.3,20.5
7/29/2016,1349,709.75,1150.6,20.347
7/28/2016,1332.3,698.65,1138.9,20.192
7/27/2016,1326.7,703.9,1128.2,19.995
7/26/2016,1320.8,692.8,1099,19.683
7/25/2016,1319.5,688.75,1088.4,19.647
7/22/2016,1323.4,686.05,1088.4,19.689
7/21/2016,1331,685.45,1108,19.815
7/20/2016,1319.3,676,1091.5,19.613
7/19/2016,1332.3,656.4,1098.6,20.007
7/18/2016,1329.3,646.05,1101.6,20.075
7/15/2016,1327.4,647.4,1101.6,20.165
7/14/2016,1327.4,647.4,1094.4,20.322
7/13/2016,1332.2,651.1,1104.6,20.413
7/12/2016,1335.3,628.95,1097.9,20.171
7/11/2016,1356.6,625.75,1108.1,20.304
7/8/2016,1358.4,617.1,1100.2,20.099
7/7/2016,1362.1,612.35,1095.1,19.838
7/6/2016,1367.1,607.55,1091.3,20.203
7/5/2016,1358.7,602.65,1076.9,19.907
7/1/2016,1339,605.65,1057.1,19.588
6/30/2016,1320.6,597.35,1024.3,18.582
6/29/2016,1326.9,590.55,1013.5,18.362
6/28/2016,1317.9,569.95,980.6,17.843
6/27/2016,1324.7,557.4,980.7,17.744
6/24/2016,1322.4,546.45,988.1,17.789
6/23/2016,1263.1,565.9,968.1,17.353
6/22/2016,1270,562.25,985.6,17.312
6/21/2016,1272.5,551.35,983.8,17.319
6/20/2016,1292.1,548.45,987.2,17.514
6/17/2016,1294.8,529.65,966.1,17.411
6/16/2016,1298.4,534.95,978.3,17.607
6/15/2016,1288.3,532.55,974.8,17.503
6/14/2016,1288.1,535.75,971.9,17.424
6/13/2016,1286.9,545.85,995.3,17.443
6/10/2016,1275.9,545.95,994.2,17.33
6/9/2016,1272.7,560.6,1003.8,17.268
6/8/2016,1262.3,561.2,1012,16.985
6/7/2016,1247,552.15,999.4,16.394
6/6/2016,1247.4,557,996.5,16.447
6/3/2016,1242.9,549.35,981.9,16.365
6/2/2016,1212.6,534.45,960.1,16.025
6/1/2016,1214.7,546.75,971.9,15.927
5/31/2016,1217.5,547.35,980.4,15.994
5/27/2016,1216.7,539,982.2,16.269
5/26/2016,1222.7,543.65,995.8,16.343
5/25/2016,1226.6,530.85,994.8,16.261
5/24/2016,1232.2,538.8,1004.2,16.254
5/23/2016,1251.5,551.35,1013.1,16.423
5/20/2016,1252.9,558.9,1023.3,16.532
5/19/2016,1254.8,558.45,1013.3,16.493
5/18/2016,1274.4,579.6,1042.5,17.132
5/17/2016,1276.9,584.6,1054.5,17.25
5/16/2016,1274.2,591,1053.5,17.154
5/13/2016,1272.7,592.4,1052.1,17.132
5/12/2016,1271.2,596.65,1054,17.103
5/11/2016,1275.5,608.05,1066.1,17.319
5/10/2016,1264.8,592.2,1049.3,17.092
5/9/2016,1266.6,584.1,1046.8,17.089
5/6/2016,1294,607.2,1085.1,17.527
5/5/2016,1272.3,600.7,1063.8,17.327
5/4/2016,1274.4,596.45,1055.6,17.301
5/3/2016,1291.8,608.85,1071.6,17.499
5/2/2016,1295.8,624.75,1086.4,17.682
4/29/2016,1290.5,627.65,1078.4,17.819
4/28/2016,1266.4,624.35,1050.7,17.588
4/27/2016,1250.4,609.65,1025.4,17.335
4/26/2016,1243.4,604.5,1020.1,17.159
4/25/2016,1240.2,605.6,1018.5,17.059
4/22/2016,1230,606.2,1011.2,16.95
4/21/2016,1250.3,610.05,1031.9,17.141
4/20/2016,1254.4,597.05,1028.1,17.135
4/19/2016,1254.3,582.15,1015.7,16.972
4/18/2016,1235,568,977.8,16.253
4/15/2016,1234.6,568.25,989.9,16.313
4/14/2016,1226.5,560.9,992.9,16.173
4/13/2016,1248.3,542.5,1003,16.325
4/12/2016,1260.9,544.15,999.7,16.222
4/11/2016,1258,545.5,990.8,15.976
4/8/2016,1243.8,538.65,968.4,15.384
4/7/2016,1237.5,533.8,954.7,15.158
4/6/2016,1223.8,537.95,944.7,15.054
4/5/2016,1229.6,543.65,951.6,15.116
4/4/2016,1219.3,552.4,943.5,14.944
4/1/2016,1223.5,560.9,955.2,15.046
3/31/2016,1235.6,564,977.5,15.464
3/30/2016,1228.6,566.35,966.2,15.211
3/29/2016,1237.5,573.2,967,15.233
3/28/2016,1222,567,946.2,15.19
3/24/2016,1223.5,572.65,953.5,15.199
3/23/2016,1225.6,583.1,961.7,15.272
3/22/2016,1248.6,605.6,996.8,15.885
3/21/2016,1244.2,602.95,981.8,15.847
3/18/2016,1254.3,590.05,970.5,15.811
3/17/2016,1265,597.8,989.1,16.033
3/16/2016,1229.8,597.8,989.1,16.033
3/15/2016,1231,570.7,959.8,15.261
3/14/2016,1245.1,572.8,965.4,15.521
3/11/2016,1259.4,579.95,969.7,15.605
3/10/2016,1272.8,573.95,977.7,15.549
3/9/2016,1257.4,566.15,982.8,15.366
3/8/2016,1262.9,566.85,989.4,15.39
3/7/2016,1264,577.6,1002,15.633
3/4/2016,1270.7,563,986.3,15.694
3/3/2016,1258.2,542.2,942.7,15.146
3/2/2016,1241.8,515.3,936.2,15.022
3/1/2016,1230.8,517.35,936.7,14.756
2/29/2016,1234.4,495.65,934.3,14.918
2/26/2016,1220.4,482.45,915.1,14.714
2/25/2016,1238.8,483.55,927,15.199
2/24/2016,1239.1,487.55,943.7,15.332
2/23/2016,1222.6,500.05,943.5,15.28
2/22/2016,1210.1,498.65,927.8,15.221
2/19/2016,1230.8,499.05,945.6,15.373
2/18/2016,1226.3,504.85,945.6,15.432
2/17/2016,1211.4,515.9,949.7,15.377
2/16/2016,1208.2,509.6,937.3,15.334
2/12/2016,1239.4,527,958.1,15.79
2/11/2016,1247.8,524.45,963.2,15.794
2/10/2016,1194.6,524.7,934.2,15.282
2/9/2016,1198.6,516.85,939.4,15.449
2/8/2016,1197.9,518.1,928.7,15.426
2/5/2016,1157.7,498.7,903.7,14.778
2/4/2016,1157.5,515.6,906.3,14.85
2/3/2016,1141.3,515.55,880.1,14.734
2/2/2016,1127.2,491.3,855.7,14.289
2/1/2016,1128,502.35,870.1,14.343
1/29/2016,1116.4,498.5,874.3,14.243
1/28/2016,1116.1,492,867.9,14.232
1/27/2016,1116.3,502.25,882.1,14.459
1/26/2016,1120.6,492.75,876.9,14.564
1/25/2016,1105.3,491.15,861.5,14.254
1/22/2016,1096.3,499.85,831.6,14.057
1/21/2016,1098.2,499,819.5,14.094
1/20/2016,1106.2,489,819.2,14.16
1/19/2016,1089.1,496.9,830.3,14.121
1/15/2016,1090.7,487.05,827.5,13.896
1/14/2016,1073.6,491.25,834.8,13.748
1/13/2016,1087.1,486.65,851.3,14.156
1/12/2016,1085.2,469.8,838.6,13.751
1/11/2016,1096.2,474.3,846.3,13.866
1/8/2016,1097.9,493.6,878.7,13.918
1/7/2016,1107.8,493,877.5,14.344
1/6/2016,1091.9,505.05,875,13.976
1/5/2016,1078.4,535.75,890,13.971
1/4/2016,1075.2,544.2,884.5,13.841
12/31/2015,1060.2,562,893.2,13.803
12/30/2015,1059.8,556.35,892.2,13.83
12/29/2015,1068,556.35,892.2,13.928
12/28/2015,1068.3,551.95,882.6,13.884
12/25/2015,1075.9,559.25,884.7,14.379
12/24/2015,1075.9,559.25,884.7,14.379
12/23/2015,1068.3,553.2,868.5,14.287
12/22/2015,1074.1,554.65,873,14.314
12/21/2015,1080.6,553.4,881.3,14.315
12/18/2015,1065,558.95,860.8,14.096
12/17/2015,1049.6,557.45,844.7,13.703
12/16/2015,1076.8,571.95,876,14.248
12/15/2015,1061.6,566.95,855.8,13.77
12/14/2015,1063.4,548.7,850.2,13.695
12/11/2015,1075.7,544.8,843.7,13.884
12/10/2015,1072,542.25,855.9,14.11
12/9/2015,1076.5,552.35,865.8,14.189
12/8/2015,1075.3,547.9,846.5,14.116
12/7/2015,1075.2,555.45,863.2,14.332
12/4/2015,1084.1,566.85,880.6,14.528
12/3/2015,1061.2,536.8,847.5,14.077
12/2/2015,1053.8,525.8,832.4,14.009
12/1/2015,1063.5,539.2,835.4,14.083
11/30/2015,1065.3,543.2,832.9,14.086
11/27/2015,1056.2,550.65,835.8,14.048
11/26/2015,1069.7,552,843.9,14.175
11/25/2015,1069.7,552,843.9,14.175
11/24/2015,1073.3,541.5,841.7,14.188
11/23/2015,1066.6,541.35,847.4,14.061
11/20/2015,1076.3,558.9,855.9,14.126
11/19/2015,1077.9,541,858.1,14.253
11/18/2015,1068.7,532.05,848,14.081
11/17/2015,1068.6,546.5,855,14.171
11/16/2015,1083.6,551.55,865.5,14.222
11/13/2015,1080.9,539.25,863.7,14.204
11/12/2015,1081,558.7,876.9,14.225
11/11/2015,1084.9,577,883.1,14.263
11/10/2015,1088.5,597.8,899.5,14.356
11/9/2015,1088.1,596.95,914.4,14.413
11/6/2015,1087.7,612.95,940,14.691
11/5/2015,1104.2,606.3,953.1,14.983
11/4/2015,1106.2,623.4,954.8,15.058
11/3/2015,1114.1,644,962.2,15.239
11/2/2015,1135.9,650.35,978.4,15.408
10/30/2015,1141.4,677.25,989.1,15.567
10/29/2015,1147.3,670.8,993.3,15.55
10/28/2015,1176.1,686.1,1012.8,16.293
10/27/2015,1165.8,678.75,989.2,15.863
10/26/2015,1166.2,683.9,997.5,15.905
10/23/2015,1162.8,693.85,1001.7,15.827
10/22/2015,1166.1,685.6,1012.9,15.837
10/21/2015,1167.1,677.15,1007.1,15.71
10/20/2015,1177.5,694.85,1020.1,15.917
10/19/2015,1172.8,688.1,1014.6,15.841
10/16/2015,1183.1,699.4,1023.7,16.114
10/15/2015,1187.5,705,1007,16.164
10/14/2015,1179.8,700.85,995.4,16.117
10/13/2015,1165.4,685.35,992.6,15.907
10/12/2015,1164.5,694.65,995.9,15.864
10/9/2015,1155.9,708.15,981.4,15.818
10/8/2015,1144.3,703.15,955.6,15.766
10/7/2015,1148.7,699.5,946.4,16.094
10/6/2015,1146.4,707.7,934.7,15.984
10/5/2015,1137.6,689.2,912.9,15.708
10/2/2015,1136.6,697.6,909.5,15.263
10/1/2015,1113.7,679.4,905.2,14.511
9/30/2015,1115.2,650.95,909.1,14.518
9/29/2015,1126.8,657.7,918.1,14.573
9/28/2015,1131.7,651.85,922.5,14.538
9/25/2015,1145.6,667.6,951.3,15.111
9/24/2015,1153.8,656.45,955.1,15.13
9/23/2015,1131.5,645.7,932.4,14.789
9/22/2015,1124.8,610.95,937.5,14.756
9/21/2015,1132.8,616.1,973.7,15.221
9/18/2015,1137.8,610.85,984.4,15.163
9/17/2015,1117,599.2,968.4,14.984
9/16/2015,1119,611.95,975.7,14.885
9/15/2015,1102.6,600.45,958.2,14.326
9/14/2015,1107.7,587.8,955.4,14.363
9/11/2015,1103.3,591,964.9,14.505
9/10/2015,1109.3,592.5,981.2,14.645
9/9/2015,1102,577.95,981.2,14.576
9/8/2015,1121,586.55,1002.9,14.755
9/7/2015,1121.4,577.15,992.4,14.549
9/4/2015,1121.4,577.15,992.4,14.549
9/3/2015,1124.5,581.55,1010.1,14.707
9/2/2015,1133.6,583.35,1013.6,14.667
9/1/2015,1139.8,579.2,1008.4,14.62
8/31/2015,1132.5,602.25,1010.5,14.586
8/28/2015,1134,590.15,1021.7,14.549
8/27/2015,1122.6,567.9,1006,14.437
8/26/2015,1124.6,529,980.2,14.078
8/25/2015,1138.3,540.1,976.7,14.651
8/24/2015,1153.6,575.05,991.5,14.798
8/21/2015,1159.6,604.45,1027.1,15.348
8/20/2015,1153.2,623.25,1034.9,15.562
8/19/2015,1127.9,609.75,1013.1,15.222
8/18/2015,1116.9,597,994.1,14.79
8/17/2015,1118.4,613.8,1000.7,15.298
8/14/2015,1112.7,617.5,994,15.213
8/13/2015,1115.6,615.7,995,15.399
8/12/2015,1123.6,623.1,999.9,15.476
8/11/2015,1107.7,599.25,992.3,15.284
8/10/2015,1104.1,606.2,989.8,15.292
8/7/2015,1094.1,596.9,962.2,14.821
8/6/2015,1090.1,599.8,956,14.677
8/5/2015,1085.6,593,950.9,14.553
8/4/2015,1090.7,598.6,958.5,14.557
8/3/2015,1089.4,603.2,967.1,14.515
7/31/2015,1095.1,610.85,985,14.745
7/30/2015,1088.7,620.55,989.9,14.696
7/29/2015,1093.3,615.6,984.9,14.743
7/28/2015,1096.7,621.6,986.4,14.642
7/27/2015,1096.9,613.1,988.9,14.605
7/24/2015,1085.5,622.6,980.7,14.488
7/23/2015,1094.1,617.85,981.1,14.701
7/22/2015,1091.5,626.75,979.9,14.73
7/21/2015,1103.5,629.45,984.3,14.785
7/20/2015,1106.8,612.05,988.6,14.758
7/17/2015,1131.9,619,1001.3,14.834
7/16/2015,1143.9,631.95,1011.6,14.984
7/15/2015,1147.4,642.9,1021.7,15.048
7/14/2015,1153.5,657.1,1028.4,15.315
7/13/2015,1155.4,658.95,1036,15.457
7/10/2015,1157.9,650.35,1032.3,15.481
7/9/2015,1159.2,638,1022.4,15.361
7/8/2015,1163.5,653.5,1035.8,15.163
7/7/2015,1152.6,652.4,1041.5,14.969
7/6/2015,1173.2,676.15,1066.3,15.753
7/3/2015,1163.5,694.15,1084,15.562
7/2/2015,1163.5,694.15,1084,15.562
7/1/2015,1169.3,701.2,1087.8,15.577
6/30/2015,1171.8,672.65,1079.5,15.581
6/29/2015,1179,666.45,1082.3,15.695
6/26/2015,1173.2,678.6,1080.7,15.768
6/25/2015,1171.8,679.35,1083.7,15.841
6/24/2015,1172.9,695.7,1074.5,15.89
6/23/2015,1176.6,695.75,1068.4,15.737
6/22/2015,1184.1,695.45,1060.6,16.142
6/19/2015,1201.9,707.4,1086.8,16.109
6/18/2015,1202,718.65,1082.8,16.153
6/17/2015,1176.8,720.35,1072.7,15.947
6/16/2015,1180.9,732.8,1079.8,15.965
6/15/2015,1185.8,734.15,1088.6,16.083
6/12/2015,1179.2,738.15,1096.8,15.825
6/11/2015,1180.4,742.85,1105.2,15.96
6/10/2015,1186.6,743.5,1115.2,15.959
6/9/2015,1177.6,739.9,1108.5,15.957
6/8/2015,1173.6,743.75,1101.2,15.959
6/5/2015,1168.1,750.95,1092,15.984
6/4/2015,1175.2,755.3,1099.2,16.103
6/3/2015,1184.9,758,1104.1,16.48
6/2/2015,1194.4,768.55,1112.8,16.799
6/1/2015,1188.7,772.75,1104.2,16.68
5/29/2015,1189.8,777.1,1111.5,16.701
5/28/2015,1188.8,785.6,1116.3,16.669
5/27/2015,1186.5,785.6,1119,16.647
5/26/2015,1187.8,781.2,1124.1,16.746
5/25/2015,1204,784,1148.6,17.051
5/22/2015,1204,784,1148.6,17.051
5/21/2015,1204.1,776.1,1152.3,17.132
5/20/2015,1208.7,776.85,1156.9,17.113
5/19/2015,1206.7,775.15,1150.9,17.071
5/18/2015,1227.6,793,1178.5,17.732
5/15/2015,1225.3,794.95,1169.1,17.563
5/14/2015,1225.2,779.5,1162.4,17.465
5/13/2015,1218.2,789.4,1150.8,17.221
5/12/2015,1192.4,785.15,1133,16.526
5/11/2015,1183,780.45,1127.3,16.314
5/8/2015,1188.9,802.35,1143.5,16.465
5/7/2015,1182.2,785.75,1131.4,16.297
5/6/2015,1190.3,792.65,1142.8,16.506
5/5/2015,1193.2,794.95,1148.8,16.579
5/4/2015,1186.8,782.65,1150.9,16.441
5/1/2015,1174.5,773.75,1129.7,16.135
4/30/2015,1182.4,776.5,1140.4,16.153
4/29/2015,1210,784.75,1161.5,16.702
4/28/2015,1213.9,781.15,1158.6,16.63
4/27/2015,1203.2,782.45,1153.4,16.439
4/24/2015,1175,770.25,1121.4,15.68
4/23/2015,1194.3,769.9,1136.7,15.829
4/22/2015,1186.9,755.9,1129.7,15.796
4/21/2015,1203.1,774.55,1152.5,16.008
4/20/2015,1193.7,772.4,1148.8,15.889
4/17/2015,1203.1,782.95,1167.5,16.229
4/16/2015,1198,779.75,1159.2,16.284
4/15/2015,1201.3,767.1,1156.6,16.279
4/14/2015,1192.6,762.5,1153.7,16.161
4/13/2015,1199.3,771.4,1153.9,16.291
4/10/2015,1204.6,776.05,1170.6,16.382
4/9/2015,1193.6,762.4,1157,16.176
4/8/2015,1203.1,755.7,1166.3,16.454
4/7/2015,1210.6,769,1173.9,16.84
4/6/2015,1218.6,768.8,1180.4,17.11
4/3/2015,1200.9,746.3,1154.5,16.701
4/2/2015,1200.9,746.3,1154.5,16.701
4/1/2015,1208.2,748.85,1166,17.059
3/31/2015,1183.2,735.3,1143.4,16.598
3/30/2015,1185.3,729,1117.4,16.674
3/27/2015,1200.7,741,1140.5,17.069
3/26/2015,1205.7,773.35,1154.6,17.14
3/25/2015,1197,765.4,1147.3,17
3/24/2015,1191.4,763.7,1141.5,16.983
3/23/2015,1187.7,770.7,1144.5,16.891
3/20/2015,1184.6,779.1,1141.2,16.883
3/19/2015,1169,765.8,1119.6,16.114
3/18/2015,1151.3,764.65,1092.6,15.541
3/17/2015,1148.2,762.15,1093.7,15.578
3/16/2015,1153.2,780.1,1107.9,15.617
3/13/2015,1152.4,788.7,1115.2,15.494
3/12/2015,1151.9,786.95,1114.9,15.516
3/11/2015,1150.6,789.4,1115.4,15.365
3/10/2015,1160.1,804.1,1130,15.633
3/9/2015,1166.5,822.95,1148.6,15.776
3/6/2015,1164.3,818.15,1158.8,15.807
3/5/2015,1196.2,825.05,1180.1,16.158
3/4/2015,1200.9,830.65,1181.7,16.158
3/3/2015,1204.4,831.65,1189.6,16.296
3/2/2015,1208.2,831.1,1189.9,16.451
2/27/2015,1213.1,819.5,1185.6,16.558
2/26/2015,1210.1,811.05,1173.6,16.624
2/25/2015,1201.5,809.3,1168.8,16.474
2/24/2015,1197.3,791.5,1162.6,16.233
2/23/2015,1200.8,787.6,1162.9,16.299
2/20/2015,1204.9,779.2,1169.5,16.273
2/19/2015,1207.6,786.8,1172.3,16.381
2/18/2015,1200.2,776.6,1167.2,16.265
2/17/2015,1208.6,783.25,1177,16.378
2/16/2015,1227.1,794.45,1207.5,17.294
2/13/2015,1227.1,794.45,1207.5,17.294
2/12/2015,1220.7,773.65,1200.5,16.794
2/11/2015,1219.6,766.55,1195.6,16.761
2/10/2015,1232.2,765.7,1207.3,16.873
2/9/2015,1241.5,779.65,1220.4,17.07
2/6/2015,1234.6,781.3,1221.6,16.694
2/5/2015,1262.7,795.7,1249.7,17.196
2/4/2015,1264.5,790.2,1238.9,17.395
2/3/2015,1260.3,786,1235.2,17.321
2/2/2015,1276.9,788,1228.6,17.251
1/30/2015,1279.2,772.4,1238.2,17.208
1/29/2015,1255.9,771.6,1217.3,16.773
1/28/2015,1287.2,796.3,1258.5,18.088
1/27/2015,1292.9,780.75,1264.3,18.084
1/26/2015,1279.4,781.85,1255,17.983
1/23/2015,1292.6,774.1,1268.7,18.3
1/22/2015,1300.7,772.3,1284.8,18.36
1/21/2015,1293.7,768.25,1276.4,18.193
1/20/2015,1294.2,778.75,1286.6,17.956
1/19/2015,1276.9,754.3,1269.4,17.75
1/16/2015,1276.9,754.3,1269.4,17.75
1/15/2015,1264.8,766.35,1262.8,17.102
1/14/2015,1234.5,780.65,1239,16.988
1/13/2015,1234.4,815.7,1247.8,17.156
1/12/2015,1232.8,814.1,1241,16.564
1/9/2015,1216.1,800.15,1230.1,16.419
1/8/2015,1208.5,793.1,1223,16.385
1/7/2015,1210.7,792.45,1220.9,16.544
1/6/2015,1219.4,800.4,1221.4,16.637
1/5/2015,1204,793.2,1210.9,16.213
1/2/2015,1186.2,794.85,1203.9,15.768
1/1/2015,1184.1,798.4,1209.5,15.599
12/31/2014,1184.1,798.4,1209.5,15.599
12/30/2014,1200.4,804.2,1219.3,16.276
12/29/2014,1181.9,812,1202.7,15.779
12/26/2014,1195.3,818.6,1219.9,16.147
12/25/2014,1173.5,807.8,1192.3,15.71
12/24/2014,1173.5,807.8,1192.3,15.71
12/23/2014,1178,814.05,1192.8,15.767
12/22/2014,1179.8,815.25,1182.8,15.688
12/19/2014,1196,805.1,1197,16.03
12/18/2014,1194.8,792.15,1197.1,15.934
12/17/2014,1194.5,779.25,1199.5,15.928
12/16/2014,1194.3,802.55,1214.9,15.752
12/15/2014,1207.7,802.55,1214.9,16.563
12/12/2014,1222.5,816.55,1231.5,17.057
12/11/2014,1225.6,819.6,1242.2,17.112
12/10/2014,1229.4,821.4,1242.6,17.187
12/9/2014,1232,811.6,1246.8,17.134
12/8/2014,1194.9,797.8,1229.4,16.276
12/5/2014,1190.4,802.7,1219.5,16.258
12/4/2014,1207.7,802.15,1245.9,16.575
12/3/2014,1208.7,797.55,1227.5,16.412
12/2/2014,1199.4,803.75,1217.5,16.456
12/1/2014,1218.1,808.1,1241.6,16.692
11/28/2014,1175.5,813.3,1211.3,15.556
11/27/2014,1197.5,802.5,1228.4,16.606
11/26/2014,1197.5,802.5,1228.4,16.606
11/25/2014,1197.8,796.85,1224.5,16.611
11/24/2014,1196.6,791.65,1207.5,16.435
11/21/2014,1197.7,794.9,1227.3,16.459
11/20/2014,1190.9,767.15,1205.6,16.137
11/19/2014,1193.9,769.95,1199.3,16.294
11/18/2014,1197.1,776.7,1204.6,16.174
11/17/2014,1183.5,768.7,1201.3,16.057
11/14/2014,1185.6,771.35,1213.1,16.314
11/13/2014,1161.5,770.85,1199,15.621
11/12/2014,1159.1,773.65,1205.3,15.623
11/11/2014,1163,772.7,1206.7,15.678
11/10/2014,1159.8,766.25,1206.9,15.671
11/7/2014,1169.8,772.55,1212.8,15.714
11/6/2014,1142.6,752.6,1197.1,15.413
11/5/2014,1145.7,757.85,1210.6,15.439
11/4/2014,1167.7,790.65,1224.7,15.953
11/3/2014,1169.8,804.4,1242.8,16.201
10/31/2014,1171.6,791.8,1235.2,16.106
10/30/2014,1198.6,780.7,1245.9,16.42
10/29/2014,1224.9,800.7,1269.2,17.264
10/28/2014,1229.4,793.35,1266.3,17.226
10/27/2014,1229.3,787.15,1254.5,17.161
10/24/2014,1231.8,780.9,1250.9,17.182
10/23/2014,1229.1,779.3,1255,17.158
10/22/2014,1245.5,776.7,1271.1,17.231
10/21/2014,1251.7,776,1283,17.549
10/20/2014,1244.7,762.3,1267.5,17.354
10/17/2014,1239,756.7,1261.5,17.331
10/16/2014,1241.2,746,1251.9,17.437
10/15/2014,1244.8,764.25,1260.9,17.464
10/14/2014,1234.3,795.1,1272.3,17.403
10/13/2014,1230,785.95,1261.2,17.345
10/10/2014,1221.7,785.05,1261.6,17.303
10/9/2014,1225.3,800.5,1278.3,17.418
10/8/2014,1206,796.45,1266.9,17.064
10/7/2014,1212.4,787,1261.9,17.24
10/6/2014,1207.3,766.1,1249.2,17.225
10/3/2014,1192.9,754.55,1226.9,16.826
10/2/2014,1215.1,768.65,1270.4,17.047
10/1/2014,1215.5,784.55,1289.6,17.259
9/30/2014,1211.6,775.15,1300.5,17.057
9/29/2014,1218.8,789.5,1309.5,17.567
9/26/2014,1215.4,783.8,1301.1,17.537
9/25/2014,1221.9,802.75,1315.4,17.438
9/24/2014,1219.5,820.05,1320.3,17.702
9/23/2014,1222,815.8,1332.7,17.779
9/22/2014,1217.9,803.15,1330.2,17.774
9/19/2014,1216.6,812.6,1337.3,17.844
9/18/2014,1226.9,831.65,1349.5,18.517
9/17/2014,1235.9,839.05,1362.2,18.734
9/16/2014,1236.7,844.3,1367.3,18.721
9/15/2014,1235.1,836.9,1363.5,18.62
9/12/2014,1231.5,836.05,1370.5,18.606
9/11/2014,1239,833.2,1370.7,18.599
9/10/2014,1245.3,849.05,1381,18.926
9/9/2014,1248.5,860.45,1385.8,18.92
9/8/2014,1254.3,886.15,1397.5,18.961
9/5/2014,1267.3,891.45,1411,19.156
9/4/2014,1266.5,891,1408.3,19.138
9/3/2014,1270.3,875.95,1412.5,19.189
9/2/2014,1265,883.25,1408.9,19.152
9/1/2014,1287.4,909.55,1424.7,19.492
8/29/2014,1287.4,909.55,1424.7,19.492
8/28/2014,1290.4,898.1,1425.2,19.609
8/27/2014,1283.4,894.7,1419.9,19.475
8/26/2014,1285.2,890.15,1419.6,19.459
8/25/2014,1278.9,891.5,1418.4,19.431
8/22/2014,1280.2,887.6,1418.5,19.459
8/21/2014,1275.4,879.9,1419.3,19.487
8/20/2014,1295.2,868.45,1429.2,19.567
8/19/2014,1296.7,880.8,1439.5,19.412
8/18/2014,1299.3,894.9,1446.2,19.635
8/15/2014,1306.2,894.5,1457.2,19.525
8/14/2014,1315.7,886.15,1469.2,19.906
8/13/2014,1314.5,881.6,1469.9,19.845
8/12/2014,1310.6,878,1472.2,19.905
8/11/2014,1310.5,874.7,1471.6,20.095
8/8/2014,1311,860.5,1478.3,19.941
8/7/2014,1312.5,856.05,1481.5,19.99
8/6/2014,1308.2,848.9,1465.2,20.024
8/5/2014,1285.3,848.35,1455.9,19.833
8/4/2014,1288.9,855.1,1466.6,20.233
8/1/2014,1294.8,864.55,1463.3,20.371
7/31/2014,1282.8,873.7,1465.2,20.412
7/30/2014,1296.9,880.15,1481.9,20.597
7/29/2014,1300.5,878.3,1484.5,20.583
7/28/2014,1305.8,880.75,1490.6,20.567
7/25/2014,1305.3,879.8,1478.6,20.636
7/24/2014,1292.7,870.95,1473.7,20.415
7/23/2014,1306.5,874.3,1486.7,20.995
7/22/2014,1308,874.85,1488.3,21.008
7/21/2014,1315.5,877.15,1493.4,21.012
7/18/2014,1309.4,881.5,1489.9,20.886
7/17/2014,1316.9,885.1,1503.7,21.134
7/16/2014,1299.8,876.75,1485.7,20.775
7/15/2014,1297.1,868.55,1485,20.889
7/14/2014,1306.7,872,1493,20.914
7/11/2014,1337.4,875.3,1513.8,21.461
7/10/2014,1339.2,873.6,1517,21.508
7/9/2014,1324.3,872.7,1506.9,21.068
7/8/2014,1316.5,872.9,1496.5,21.013
7/7/2014,1317,868.95,1495.6,21.014
7/4/2014,1320.6,861.9,1507.7,21.137
7/3/2014,1320.6,861.9,1507.7,21.137
7/2/2014,1330.9,857.4,1511.5,21.302
7/1/2014,1326.6,854.6,1515,21.117
6/30/2014,1322,843.15,1482.9,21.056
6/27/2014,1320,842.85,1480.3,21.134
6/26/2014,1317,835.8,1471.3,21.162
6/25/2014,1322.6,833.25,1474.3,21.171
6/24/2014,1321.3,830.4,1471.9,21.097
6/23/2014,1318.4,822.65,1456.6,20.964
6/20/2014,1316.6,822.2,1457.3,20.949
6/19/2014,1314.1,838.6,1474.5,20.648
6/18/2014,1272.7,822.65,1450.8,19.778
6/17/2014,1272,816.7,1443.1,19.732
6/16/2014,1275.3,809.35,1439.1,19.715
6/13/2014,1274.1,812.6,1435,19.655
6/12/2014,1274,819.4,1441.3,19.533
6/11/2014,1261.2,860.15,1481.1,19.172
6/10/2014,1260.1,854.55,1482.2,19.168
6/9/2014,1253.9,841.6,1454.3,19.066
6/6/2014,1252.5,844.25,1453,18.991
6/5/2014,1253.3,839.45,1445.1,19.083
6/4/2014,1244.3,837.15,1433.9,18.792
6/3/2014,1244.5,836.7,1433.5,18.763
6/2/2014,1244,832.65,1436.7,18.739
5/30/2014,1246,836.35,1452.7,18.682
5/29/2014,1257.1,834.5,1460.1,19.014
5/28/2014,1259.7,840.75,1462.7,19.059
5/27/2014,1265.7,831.55,1462.3,19.067
5/26/2014,1291.9,831.45,1472.8,19.418
5/23/2014,1291.9,831.45,1472.8,19.418
5/22/2014,1295.2,836.45,1493.1,19.52
5/21/2014,1288.1,830.45,1474.9,19.338
5/20/2014,1294.6,825.85,1468.9,19.399
5/19/2014,1293.8,815.6,1470.2,19.353
5/16/2014,1293.4,815,1466.1,19.329
5/15/2014,1293.6,812.1,1469.9,19.484
5/14/2014,1305.9,828.8,1485.7,19.775
5/13/2014,1294.8,817.3,1456,19.547
5/12/2014,1295.8,808.75,1441.9,19.543
5/9/2014,1287.6,799.75,1429.9,19.121
5/8/2014,1287.7,804.05,1438.1,19.138
5/7/2014,1288.9,796.7,1434.8,19.342
5/6/2014,1308.6,818.4,1458.1,19.645
5/5/2014,1309.3,816.5,1448.4,19.571
5/2/2014,1302.9,812.4,1440.7,19.546
5/1/2014,1283.4,814.15,1427.5,19.043
4/30/2014,1295.9,812.5,1427.9,19.174
4/29/2014,1296.3,807.9,1431.4,19.538
4/28/2014,1299,800.7,1419.7,19.619
4/25/2014,1300.8,811.2,1424.3,19.718
4/24/2014,1290.6,802.3,1409.6,19.714
4/23/2014,1284.6,786,1403.9,19.467
4/22/2014,1281.1,783.65,1400.3,19.361
4/21/2014,1288.5,777.8,1400.7,19.351
4/18/2014,1293.9,807.1,1428.7,19.596
4/17/2014,1293.9,807.1,1428.7,19.596
4/16/2014,1303.5,802.3,1437.8,19.634
4/15/2014,1300.3,795.9,1444.6,19.489
4/14/2014,1327.5,811.5,1467.4,20.01
4/11/2014,1319,806.8,1462.6,19.946
4/10/2014,1320.5,792.3,1460.1,20.091
4/9/2014,1305.9,782.55,1438.9,19.77
4/8/2014,1309.1,775.85,1441.7,20.057
4/7/2014,1298.3,767.65,1427.8,19.907
4/4/2014,1303.5,790.75,1450.9,19.946
4/3/2014,1284.6,788.85,1445.5,19.805
4/2/2014,1290.8,787.8,1438.7,20.05
4/1/2014,1280,781.95,1429.6,19.688
3/31/2014,1283.8,777.1,1420.8,19.752
3/28/2014,1294.3,773.7,1407.2,19.79
3/27/2014,1294.8,760.5,1398.4,19.708
3/26/2014,1303.4,781.15,1407.5,19.78
3/25/2014,1311.4,789.4,1420.9,19.979
3/24/2014,1311.1,794.35,1431.2,20.067
3/21/2014,1336,789.3,1436,20.31
3/20/2014,1330.5,771.65,1434.8,20.43
3/19/2014,1341.3,768.2,1451.7,20.826
3/18/2014,1359,771.4,1461.7,20.862
3/17/2014,1372.9,776.4,1468.4,21.275
3/14/2014,1379,773.25,1469.6,21.413
3/13/2014,1372.4,778.95,1479.4,21.198
3/12/2014,1370.5,777.15,1476.3,21.358
3/11/2014,1346.7,770.5,1464.6,20.815
3/10/2014,1341.5,776.85,1477.2,20.91
3/7/2014,1338.2,781.8,1483.6,20.928
3/6/2014,1351.8,781.15,1486.8,21.574
3/5/2014,1340.3,772.85,1476.6,21.271
3/4/2014,1337.9,763.8,1464.1,21.222
3/3/2014,1350.3,750,1460.7,21.485
2/28/2014,1321.6,744.45,1446.8,21.241
2/27/2014,1331.8,743.85,1453.4,21.352
2/26/2014,1328,733.3,1429.1,21.289
2/25/2014,1342.7,738.55,1442.6,22.001
2/24/2014,1338,745.35,1441.4,22.089
2/21/2014,1323.6,740,1427.9,21.815
2/20/2014,1316.9,736.3,1412.5,21.684
2/19/2014,1320.4,735.4,1424.5,21.85
2/18/2014,1324.4,737.15,1424.5,21.898
2/17/2014,1318.6,737.6,1430.1,21.421
2/14/2014,1318.6,737.6,1430.1,21.421
2/13/2014,1300.1,731.1,1416.6,20.395
2/12/2014,1295,729.05,1407.3,20.341
2/11/2014,1289.8,716.35,1387.8,20.153
2/10/2014,1274.7,716.75,1385.9,20.112
2/7/2014,1262.9,708.8,1379.2,19.936
2/6/2014,1257.2,710.35,1374.9,19.928
2/5/2014,1256.9,707.1,1379.3,19.805
2/4/2014,1251.2,700.1,1373.4,19.422
2/3/2014,1259.9,702.7,1386.6,19.409
1/31/2014,1239.8,703.2,1375.7,19.12
1/30/2014,1242.5,706.85,1382.3,19.126
1/29/2014,1262.2,711.15,1408.1,19.552
1/28/2014,1250.5,716.5,1409.4,19.503
1/27/2014,1263.5,722.55,1421.1,19.793
1/24/2014,1264.5,734.8,1428.6,19.765
1/23/2014,1262.5,745.9,1463.2,20.01
1/22/2014,1238.6,748.85,1462.4,19.839
1/21/2014,1241.8,748.05,1453.5,19.87
1/20/2014,1251.9,748.55,1454.1,20.304
1/17/2014,1251.9,748.55,1454.1,20.304
1/16/2014,1240.2,743.9,1431.5,20.054
1/15/2014,1238.3,744,1428.6,20.134
1/14/2014,1245.4,738.9,1433.8,20.282
1/13/2014,1251.1,740,1443.9,20.385
1/10/2014,1246.9,746.05,1436.9,20.223
1/9/2014,1229.4,736.5,1419.9,19.683
1/8/2014,1225.5,738.3,1414.2,19.539
1/7/2014,1229.6,741.7,1415.4,19.787
1/6/2014,1238,738.5,1416.4,20.103
1/3/2014,1225.2,731.2,1414.2,20.128
1/2/2014,1225.2,730.25,1404.6,20.128
1/1/2014,1202.3,718.3,1373.8,19.37
12/31/2013,1202.3,718.3,1373.8,19.37
12/30/2013,1203.8,710.8,1367.2,19.615
12/27/2013,1214,711.95,1378.9,20.049
12/26/2013,1212.3,700.75,1363.8,19.916
12/25/2013,1203.3,695.45,1336.6,19.484
12/24/2013,1203.3,695.45,1336.6,19.484
12/23/2013,1197,695.65,1328.2,19.413
12/20/2013,1203.7,698.75,1333.7,19.453
12/19/2013,1193.6,696.3,1318.4,19.186
12/18/2013,1235,699.45,1342.7,20.059
12/17/2013,1230.1,701.05,1344.6,19.84
12/16/2013,1244.4,716.35,1360.1,20.101
12/13/2013,1234.6,716.2,1362.9,19.604
12/12/2013,1224.9,720.25,1364.4,19.453
12/11/2013,1257.2,738.55,1385.2,20.356
12/10/2013,1261.1,738.45,1388.7,20.315
12/9/2013,1234.2,735,1368.5,19.701
12/6/2013,1229,736.15,1356.3,19.523
12/5/2013,1231.9,736.85,1363.5,19.57
12/4/2013,1247.2,729.25,1376,19.83
12/3/2013,1220.8,714.8,1355.8,19.065
12/2/2013,1221.9,713.4,1346.8,19.289
11/29/2013,1250.4,719.65,1368.8,20.033
11/28/2013,1237.9,715.95,1352.7,19.682
11/27/2013,1237.9,715.95,1352.7,19.682
11/26/2013,1241.5,718.45,1371.9,19.893
11/25/2013,1241.6,722.15,1377.8,19.926
11/22/2013,1244.1,716.35,1382.7,19.901
11/21/2013,1243.6,715.6,1391.7,19.976
11/20/2013,1258,713.85,1399.6,20.058
11/19/2013,1273.5,721.9,1419.9,20.334
11/18/2013,1272.3,716.75,1411,20.357
11/15/2013,1287.4,732.65,1438.9,20.727
11/14/2013,1286.3,739.8,1444.1,20.722
11/13/2013,1268.4,735.45,1432,20.442
11/12/2013,1271.2,742.35,1439.6,20.778
11/11/2013,1281.1,754.55,1432.4,21.282
11/8/2013,1284.6,757.9,1442.9,21.317
11/7/2013,1308.5,759.15,1456.8,21.657
11/6/2013,1317.8,764.35,1467.4,21.768
11/5/2013,1308.1,750.3,1450,21.636
11/4/2013,1314.7,749.5,1456.2,21.7
11/1/2013,1313.2,738.25,1451.9,21.837
10/31/2013,1323.7,736.8,1448.4,21.867
10/30/2013,1349.3,749.5,1479.9,22.983
10/29/2013,1345.5,747.05,1461.9,22.492
10/28/2013,1352.2,750.45,1472.9,22.538
10/25/2013,1352.5,747.9,1455.5,22.639
10/24/2013,1350.3,747.8,1456.2,22.822
10/23/2013,1334,746.1,1439.6,22.617
10/22/2013,1342.6,752.9,1450.7,22.79
10/21/2013,1315.8,750.25,1438.6,22.278
10/18/2013,1314.6,740.65,1437.8,21.913
10/17/2013,1323,737.8,1434.9,21.947
10/16/2013,1282.3,713.55,1398.2,21.365
10/15/2013,1273.2,706.3,1383.4,21.191
10/14/2013,1276.6,715.25,1383.5,21.354
10/11/2013,1268.2,713.3,1375.6,21.259
10/10/2013,1296.9,712.55,1396,21.896
10/9/2013,1307.2,704.1,1383,21.891
10/8/2013,1324.6,714.9,1403.7,22.443
10/7/2013,1325.1,705.35,1401.9,22.386
10/4/2013,1309.9,701.95,1388,21.752
10/3/2013,1317.6,700.2,1373.3,21.786
10/2/2013,1320.7,721.2,1393.4,21.897
10/1/2013,1286.1,718.9,1385.3,21.175
9/30/2013,1327,727.15,1412.4,21.708
9/27/2013,1339.2,731.8,1419.2,21.831
9/26/2013,1324.1,723.45,1414.7,21.766
9/25/2013,1336.2,725.7,1432.3,21.886
9/24/2013,1316.3,720,1422.1,21.586
9/23/2013,1327,717.95,1425.9,21.857
9/20/2013,1332.5,721.95,1432.6,21.927
9/19/2013,1369.3,738.2,1473,23.292
9/18/2013,1307.6,703.1,1425.2,21.564
9/17/2013,1309.4,706.95,1422.4,21.784
9/16/2013,1317.8,706.05,1441.2,22.009
9/13/2013,1308.6,699.1,1444.5,21.72
9/12/2013,1330.6,692.8,1442.7,22.149
9/11/2013,1363.8,691.2,1473.5,23.172
9/10/2013,1364,692.65,1474.1,23.016
9/9/2013,1386.7,683,1483,23.717
9/6/2013,1386.5,696.85,1495.7,23.891
9/5/2013,1373,687.2,1482.1,23.255
9/4/2013,1390,698.25,1494.7,23.415
9/3/2013,1412,717.95,1538.2,24.429
9/2/2013,1396.1,723.85,1527.1,23.513
8/30/2013,1396.1,723.85,1527.1,23.513
8/29/2013,1412.9,740.1,1522.4,24.14
8/28/2013,1418.8,748.25,1540.1,24.439
8/27/2013,1420.2,749.15,1532.1,24.7
8/26/2013,1393.1,746.05,1544.5,24.055
8/23/2013,1395.8,750.85,1541.6,23.781
8/22/2013,1370.8,755.05,1540.1,23.08
8/21/2013,1370.1,746.9,1519.1,23.009
8/20/2013,1372.6,749.65,1525.5,23.118
8/19/2013,1365.7,752.9,1509,23.215
8/16/2013,1371,763.05,1527.6,23.372
8/15/2013,1360.9,756.85,1532.3,22.985
8/14/2013,1333.4,740.35,1505.2,21.787
8/13/2013,1320.5,738.9,1499.7,21.343
8/12/2013,1334.2,737.6,1498.7,21.339
8/9/2013,1312.2,741,1500.6,20.407
8/8/2013,1309.9,738.55,1491.6,20.193
8/7/2013,1285.3,723.15,1438.3,19.508
8/6/2013,1282.5,722.8,1427.8,19.523
8/5/2013,1302.4,735.2,1448.1,19.72
8/2/2013,1310.5,729.7,1451.5,19.912
8/1/2013,1311.2,731.85,1443.8,19.624
7/31/2013,1313,726.35,1429.3,19.628
7/30/2013,1324.8,728.65,1437.5,19.68
7/29/2013,1329.6,744.65,1442.7,19.864
7/26/2013,1321.9,724,1422.8,19.771
7/25/2013,1329.5,740.75,1447.9,20.154
7/24/2013,1320.1,745.3,1455.2,20.02
7/23/2013,1335.2,739.45,1443.1,20.254
7/22/2013,1337.3,750.45,1448,20.509
7/19/2013,1294,749.75,1431.2,19.46
7/18/2013,1285.5,747.5,1414.8,19.389
7/17/2013,1278.8,735.45,1411,19.42
7/16/2013,1292,735.6,1425.1,19.935
7/15/2013,1283.5,732.15,1421.4,19.839
7/12/2013,1277.6,722.9,1406.9,19.792
7/11/2013,1279.9,718.2,1407.6,19.956
7/10/2013,1247.4,713.8,1368.1,19.165
7/9/2013,1245.9,697.35,1368.6,19.138
7/8/2013,1234.9,695.4,1362,19.038
7/5/2013,1212.7,677.55,1326.4,18.736
7/4/2013,1251.9,685.7,1346.8,19.7
7/3/2013,1251.9,685.7,1346.8,19.7
7/2/2013,1243.4,688.9,1367.8,19.309
7/1/2013,1255.7,686.7,1382.5,19.578
6/28/2013,1223.7,660.7,1339.9,19.47
6/27/2013,1211.6,650.7,1329.1,18.553
6/26/2013,1229.8,633.25,1307.4,18.613
6/25/2013,1275.1,668.8,1354.1,19.552
6/24/2013,1277.1,657.65,1329.1,19.493
6/21/2013,1292,674.75,1369.5,19.959
6/20/2013,1286.2,665.1,1363.8,19.823
6/19/2013,1374,696.4,1423.9,21.623
6/18/2013,1366.9,708.35,1440.1,21.677
6/17/2013,1383.1,717.85,1434.8,21.758
6/14/2013,1387.6,731.7,1447.4,21.954
6/13/2013,1377.8,731.05,1447.1,21.583
6/12/2013,1392,757.05,1482.3,21.796
6/11/2013,1377,752.5,1479.9,21.646
6/10/2013,1386,769.4,1506.9,21.925
6/7/2013,1383,761.2,1502.6,21.743
6/6/2013,1415.8,762.3,1529.3,22.707
6/5/2013,1398.5,756.45,1510.6,22.472
6/4/2013,1397.2,751.05,1491.1,22.409
6/3/2013,1411.9,759.05,1497.4,22.721
5/31/2013,1393,753.65,1461.8,22.243
5/30/2013,1412,760.55,1482.7,22.69
5/29/2013,1391.8,750.1,1453,22.453
5/28/2013,1379.7,759.55,1461.8,22.193
5/27/2013,1386.6,726.45,1451.9,22.496
5/24/2013,1386.6,726.45,1451.9,22.496
5/23/2013,1391.8,738.65,1457.2,22.508
5/22/2013,1367.4,752.15,1469.2,22.472
5/21/2013,1377.6,748.1,1458.4,22.455
5/20/2013,1384.1,750.75,1484.6,22.582
5/17/2013,1364.7,740.25,1468,22.352
5/16/2013,1386.9,740.75,1485.6,22.659
5/15/2013,1396.2,729.05,1490.7,22.658
5/14/2013,1424.5,727.15,1501.9,23.379
5/13/2013,1434.3,718.7,1484.5,23.696
5/10/2013,1436.6,705.7,1486,23.658
5/9/2013,1468.6,714.75,1516.5,23.911
5/8/2013,1473.7,698.25,1504.9,23.927
5/7/2013,1448.8,680.6,1481.2,23.806
5/6/2013,1468,697.1,1507.7,23.955
5/3/2013,1464.2,693.3,1501.2,24.014
5/2/2013,1467.6,693.3,1500.2,23.83
5/1/2013,1446.2,684.75,1469.5,23.343
4/30/2013,1472.1,697.8,1507.2,24.185
4/29/2013,1467.4,699.2,1507.4,24.166
4/26/2013,1453.6,681.95,1476.5,23.788
4/25/2013,1462,681.4,1464.1,24.182
4/24/2013,1423.7,667.65,1430.8,22.878
4/23/2013,1408.8,673.35,1417.8,22.866
4/22/2013,1421.2,681.9,1436.8,23.374
4/19/2013,1395.6,677.05,1423.9,22.96
4/18/2013,1392.5,669.8,1429,23.245
4/17/2013,1382.7,661.4,1435.4,23.307
4/16/2013,1387.4,678.2,1450.6,23.628
4/15/2013,1361.1,667,1424.8,23.361
4/12/2013,1501.4,709.1,1495.9,26.331
4/11/2013,1564.9,733.35,1535.8,27.697
4/10/2013,1558.8,720.85,1529.8,27.653
4/9/2013,1586.7,733,1553.1,27.881
4/8/2013,1572.5,729.8,1537,27.138
4/5/2013,1575.9,723.9,1535.5,27.22
4/4/2013,1552.4,725.45,1517.8,26.767
4/3/2013,1553.5,755.45,1541.9,26.797
4/2/2013,1575.9,769.4,1574.2,27.248
4/1/2013,1600.9,783.95,1598.8,27.944
3/29/2013,1595.7,768.25,1574.6,28.323
3/28/2013,1595.7,768.25,1574.6,28.323
3/27/2013,1607.2,768.3,1583.5,28.612
3/26/2013,1597.3,761.4,1569.8,28.679
3/25/2013,1606.5,757.35,1586.9,28.815
